BookingStatus,Wno,ClassOfTravel,JourneyDate,Weekdays,Month,Days,Astatus
WL,9,3A,2/12/2016,6,12,2,1
WL,3,3A,1/12/2016,5,12,1,1
WL,1,2A,3/12/2016,7,12,3,0
WL,67,SL,3/12/2016,7,12,3,0
WL,61,SL,3/12/2016,7,12,3,0
WL,94,SL,3/12/2016,7,12,3,0
WL,53,SL,5/12/2016,2,12,5,0
WL,57,SL,5/12/2016,2,12,5,1
WL,56,SL,7/12/2016,4,12,7,0
WL,96,SL,7/12/2016,4,12,7,0
WL,5,SL,12/12/2016,2,12,12,0
WL,64,SL,12/12/2016,2,12,12,0
WL,25,SL,13-12-2016,3,12,13,0
WL,10,SL,7/1/2017,7,1,7,1
WL,32,SL,8/1/2017,1,1,8,0
WL,11,SL,8/1/2017,1,1,8,0
WL,6,SL,9/1/2017,2,1,9,1
WL,5,3A,9/1/2017,2,1,9,1
WL,55,SL,9/1/2017,2,1,9,0
WL,109,SL,9/1/2017,2,1,9,0
WL,36,SL,9/1/2017,2,1,9,0
WL,21,SL,9/1/2017,2,1,9,0
WL,43,SL,9/1/2017,2,1,9,0
WL,100,SL,9/1/2017,2,1,9,0
WL,15,3A,10/1/2017,3,1,10,0
WL,24,SL,10/1/2017,3,1,10,0
WL,25,SL,10/1/2017,3,1,10,0
WL,70,SL,10/1/2017,3,1,10,0
WL,5,SL,11/1/2017,4,1,11,0
WL,98,SL,10/1/2017,3,1,10,0
WL,1,3A,11/1/2017,4,1,11,0
WL,18,SL,10/1/2017,3,1,10,0
WL,2,3A,11/1/2017,4,1,11,0
WL,3,2A,11/1/2017,4,1,11,0
WL,34,SL,11/1/2017,4,1,11,1
WL,123,SL,11/1/2017,4,1,11,0
WL,46,SL,11/1/2017,4,1,11,1
WL,13,SL,10/1/2017,3,1,10,0
WL,79,SL,11/1/2017,4,1,11,0
WL,11,3A,10/1/2017,3,1,10,0
WL,3,2A,10/1/2017,3,1,10,1
WL,93,SL,11/1/2017,4,1,11,0
WL,64,SL,11/1/2017,4,1,11,0
WL,67,SL,11/1/2017,4,1,11,0
WL,5,SL,11/1/2017,4,1,11,1
WL,59,SL,11/1/2017,4,1,11,0
WL,8,3A,11/1/2017,4,1,11,0
WL,5,2A,12/1/2017,5,1,12,0
WL,38,SL,12/1/2017,5,1,12,0
WL,20,SL,11/1/2017,4,1,11,0
WL,16,SL,12/1/2017,5,1,12,0
WL,116,SL,12/1/2017,5,1,12,0
WL,71,SL,12/1/2017,5,1,12,0
WL,24,SL,12/1/2017,5,1,12,0
WL,36,3A,12/1/2017,5,1,12,0
WL,30,SL,12/1/2017,5,1,12,0
WL,21,3A,13-01-2017,6,1,13,0
WL,85,SL,12/1/2017,5,1,12,0
WL,50,3A,12/1/2017,5,1,12,0
WL,26,3A,12/1/2017,5,1,12,0
WL,15,SL,13-01-2017,6,1,13,0
WL,33,SL,12/1/2017,5,1,12,0
WL,83,SL,13-01-2017,6,1,13,0
WL,77,SL,13-01-2017,6,1,13,0
WL,73,SL,13-01-2017,6,1,13,0
WL,110,SL,13-01-2017,6,1,13,0
WL,42,SL,13-01-2017,6,1,13,0
WL,5,2A,13-01-2017,6,1,13,0
WL,109,SL,13-01-2017,6,1,13,0
WL,38,SL,13-01-2017,6,1,13,0
WL,20,SL,13-01-2017,6,1,13,0
WL,67,SL,13-01-2017,6,1,13,0
WL,7,SL,13-01-2017,6,1,13,1
WL,90,SL,13-01-2017,6,1,13,0
WL,7,SL,13-01-2017,6,1,13,0
WL,1,3A,15-01-2017,1,1,15,0
WL,13,3A,14-01-2017,7,1,14,0
WL,5,SL,14-01-2017,7,1,14,1
WL,13,SL,15-01-2017,1,1,15,1
WL,28,SL,13-01-2017,6,1,13,0
WL,34,SL,14-01-2017,7,1,14,0
WL,46,SL,14-01-2017,7,1,14,0
WL,47,SL,14-01-2017,7,1,14,0
WL,3,SL,14-01-2017,7,1,14,0
WL,17,SL,15-01-2017,1,1,15,0
WL,6,SL,16-01-2017,2,1,16,0
WL,30,SL,14-01-2017,7,1,14,0
WL,33,SL,16-01-2017,2,1,16,0
WL,7,SL,16-01-2017,2,1,16,0
WL,14,SL,16-01-2017,2,1,16,0
WL,10,SL,15-01-2017,1,1,15,0
WL,8,SL,16-01-2017,2,1,16,0
WL,7,SL,16-01-2017,2,1,16,0
WL,59,SL,16-01-2017,2,1,16,0
WL,5,3A,16-01-2017,2,1,16,1
WL,10,3A,17-01-2017,3,1,17,1
WL,40,SL,17-01-2017,3,1,17,0
WL,30,SL,18-01-2017,4,1,18,0
WL,5,SL,19-01-2017,5,1,19,0
WL,35,SL,18-01-2017,4,1,18,0
WL,3,3A,19-01-2017,5,1,19,0
WL,2,2A,19-01-2017,5,1,19,1
WL,1,SL,20-01-2017,6,1,20,0
WL,61,SL,19-01-2017,5,1,19,0
WL,15,SL,19-01-2017,5,1,19,0
WL,11,SL,20-01-2017,6,1,20,0
WL,16,SL,20-01-2017,6,1,20,0
WL,7,3A,21-01-2017,7,1,21,0
WL,9,SL,21-01-2017,7,1,21,0
WL,47,SL,20-01-2017,6,1,20,0
WL,13,3A,21-01-2017,7,1,21,1
WL,24,SL,22-01-2017,1,1,22,0
WL,4,SL,22-01-2017,1,1,22,1
WL,8,SL,22-01-2017,1,1,22,1
WL,12,3A,22-01-2017,1,1,22,1
WL,4,3A,22-01-2017,1,1,22,1
WL,1,SL,22-01-2017,1,1,22,1
WL,21,SL,25-01-2017,4,1,25,1
WL,47,SL,25-01-2017,4,1,25,0
WL,25,SL,25-01-2017,4,1,25,0
WL,12,SL,28-01-2017,7,1,28,0
WL,22,SL,28-01-2017,7,1,28,0
WL,69,SL,28-01-2017,7,1,28,0
WL,10,SL,29-01-2017,1,1,29,0
WL,14,3A,29-01-2017,1,1,29,0
WL,1,3A,30-01-2017,2,1,30,0
WL,72,SL,29-01-2017,1,1,29,1
WL,4,SL,30-01-2017,2,1,30,0
WL,28,SL,30-01-2017,2,1,30,0
WL,1,SL,30-01-2017,2,1,30,0
WL,34,SL,30-01-2017,2,1,30,0
WL,13,SL,30-01-2017,2,1,30,0
WL,26,SL,30-01-2017,2,1,30,1
WL,47,SL,30-01-2017,2,1,30,0
WL,25,SL,30-01-2017,2,1,30,0
WL,6,SL,30-01-2017,2,1,30,0
WL,5,SL,3/2/2017,6,2,3,1
WL,2,3A,3/2/2017,6,2,3,1
WL,12,3A,3/2/2017,6,2,3,0
WL,70,SL,3/2/2017,6,2,3,0
WL,7,3A,3/2/2017,6,2,3,1
WL,39,SL,3/2/2017,6,2,3,0
WL,5,2A,3/2/2017,6,2,3,0
WL,69,SL,4/2/2017,7,2,4,0
WL,2,3A,28-03-2017,3,3,28,0
WL,18,3A,28-03-2017,3,3,28,0
WL,26,SL,28-03-2017,3,3,28,0
WL,2,3A,29-03-2017,4,3,29,1
WL,3,3A,28-03-2017,3,3,28,1
WL,10,SL,28-03-2017,3,3,28,0
WL,3,3A,30-03-2017,5,3,30,1
WL,69,SL,29-03-2017,4,3,29,0
WL,48,SL,30-03-2017,5,3,30,0
WL,59,SL,30-03-2017,5,3,30,0
WL,37,SL,29-03-2017,4,3,29,1
WL,12,3A,30-03-2017,5,3,30,0
WL,14,3A,31-03-2017,6,3,31,0
WL,3,2A,31-03-2017,6,3,31,0
WL,123,SL,31-03-2017,6,3,31,0
WL,37,SL,31-03-2017,6,3,31,0
WL,86,SL,31-03-2017,6,3,31,0
WL,40,SL,31-03-2017,6,3,31,0
WL,6,SL,1/4/2017,7,4,1,1
WL,80,SL,31-03-2017,6,3,31,0
WL,81,SL,30-03-2017,5,3,30,0
WL,57,SL,31-03-2017,6,3,31,0
WL,34,SL,31-03-2017,6,3,31,0
WL,22,3A,31-03-2017,6,3,31,0
WL,89,SL,1/4/2017,7,4,1,0
WL,7,SL,31-03-2017,6,3,31,0
WL,13,3A,31-03-2017,6,3,31,0
WL,82,SL,31-03-2017,6,3,31,0
WL,108,SL,1/4/2017,7,4,1,0
WL,35,SL,1/4/2017,7,4,1,0
WL,9,SL,2/4/2017,1,4,2,0
WL,20,SL,1/4/2017,7,4,1,0
WL,21,SL,1/4/2017,7,4,1,0
WL,1,3A,3/4/2017,2,4,3,1
WL,48,SL,1/4/2017,7,4,1,0
WL,42,SL,2/4/2017,1,4,2,0
WL,36,SL,1/4/2017,7,4,1,0
WL,68,SL,2/4/2017,1,4,2,0
WL,107,SL,2/4/2017,1,4,2,0
WL,28,SL,3/4/2017,2,4,3,0
WL,27,SL,3/4/2017,2,4,3,0
WL,4,SL,4/4/2017,3,4,4,0
WL,7,3A,4/4/2017,3,4,4,0
WL,9,SL,4/4/2017,3,4,4,0
WL,11,SL,4/4/2017,3,4,4,0
WL,42,SL,4/4/2017,3,4,4,0
WL,17,3A,4/4/2017,3,4,4,0
WL,3,SL,4/4/2017,3,4,4,1
WL,9,3A,5/4/2017,4,4,5,0
WL,7,SL,5/4/2017,4,4,5,0
WL,2,3A,5/4/2017,4,4,5,0
WL,71,SL,5/4/2017,4,4,5,0
WL,20,SL,6/4/2017,5,4,6,0
WL,50,SL,6/4/2017,5,4,6,0
WL,37,SL,6/4/2017,5,4,6,0
WL,73,SL,6/4/2017,5,4,6,0
WL,9,SL,7/4/2017,6,4,7,0
WL,27,3A,6/4/2017,5,4,6,0
WL,6,3A,7/4/2017,6,4,7,0
WL,14,3A,7/4/2017,6,4,7,0
WL,23,3A,7/4/2017,6,4,7,0
WL,47,SL,7/4/2017,6,4,7,0
WL,2,3A,8/4/2017,7,4,8,0
WL,24,3A,7/4/2017,6,4,7,0
WL,31,SL,7/4/2017,6,4,7,0
WL,73,SL,7/4/2017,6,4,7,0
WL,49,SL,7/4/2017,6,4,7,0
WL,28,3A,8/4/2017,7,4,8,0
WL,2,2A,7/4/2017,6,4,7,0
WL,1,3A,9/4/2017,1,4,9,0
WL,31,3A,8/4/2017,7,4,8,0
WL,90,SL,8/4/2017,7,4,8,0
WL,93,SL,8/4/2017,7,4,8,0
WL,64,SL,7/4/2017,6,4,7,0
WL,118,SL,8/4/2017,7,4,8,0
WL,11,SL,9/4/2017,1,4,9,0
WL,2,SL,8/4/2017,7,4,8,0
WL,29,3A,9/4/2017,1,4,9,0
WL,27,3A,9/4/2017,1,4,9,0
WL,30,3A,9/4/2017,1,4,9,0
WL,6,2A,9/4/2017,1,4,9,0
WL,35,SL,8/4/2017,7,4,8,1
WL,15,SL,9/4/2017,1,4,9,0
WL,2,3A,10/4/2017,2,4,10,0
WL,38,3A,10/4/2017,2,4,10,0
WL,87,SL,9/4/2017,1,4,9,0
WL,2,SL,11/4/2017,3,4,11,0
WL,27,SL,10/4/2017,2,4,10,1
WL,3,SL,11/4/2017,3,4,11,1
WL,32,SL,11/4/2017,3,4,11,0
WL,47,SL,11/4/2017,3,4,11,1
WL,13,SL,10/4/2017,2,4,10,0
WL,119,SL,11/4/2017,3,4,11,0
WL,100,SL,11/4/2017,3,4,11,0
WL,15,3A,12/4/2017,4,4,12,0
WL,41,SL,12/4/2017,4,4,12,0
WL,96,SL,12/4/2017,4,4,12,0
WL,38,3A,15-04-2017,7,4,15,0
WL,121,SL,15-04-2017,7,4,15,0
WL,36,SL,15-04-2017,7,4,15,1
WL,6,SL,15-04-2017,7,4,15,0
WL,18,3A,16-04-2017,1,4,16,0
WL,24,3A,16-04-2017,1,4,16,0
WL,12,3A,17-04-2017,2,4,17,0
WL,22,3A,17-04-2017,2,4,17,0
WL,8,2A,17-04-2017,2,4,17,0
WL,5,SL,4/5/2017,5,5,4,1
WL,11,SL,4/5/2017,5,5,4,0
WL,3,SL,5/5/2017,6,5,5,0
WL,10,SL,5/5/2017,6,5,5,1
WL,16,3A,4/5/2017,5,5,4,0
WL,17,SL,5/5/2017,6,5,5,1
WL,22,SL,5/5/2017,6,5,5,0
WL,110,SL,5/5/2017,6,5,5,0
WL,2,3A,6/5/2017,7,5,6,0
WL,3,SL,6/5/2017,7,5,6,1
WL,100,SL,5/5/2017,6,5,5,0
WL,14,SL,6/5/2017,7,5,6,1
WL,3,3A,5/5/2017,6,5,5,0
WL,13,SL,6/5/2017,7,5,6,0
WL,21,SL,8/5/2017,2,5,8,0
WL,59,SL,8/5/2017,2,5,8,0
WL,43,SL,8/5/2017,2,5,8,0
WL,58,SL,7/5/2017,1,5,7,0
WL,3,SL,10/5/2017,4,5,10,1
WL,24,3A,10/5/2017,4,5,10,0
WL,14,SL,11/5/2017,5,5,11,1
WL,11,SL,11/5/2017,5,5,11,0
WL,1,2A,11/5/2017,5,5,11,0
WL,15,3A,11/5/2017,5,5,11,0
WL,11,SL,13-05-2017,7,5,13,0
WL,11,SL,13-05-2017,7,5,13,0
WL,2,3A,13-05-2017,7,5,13,1
TQWL,115,SL,27-08-2017,1,8,27,0
TQWL,7,3A,27-08-2017,1,8,27,1
TQWL,4,SL,28-08-2017,2,8,28,0
TQWL,4,3A,27-08-2017,1,8,27,1
TQWL,27,SL,27-08-2017,1,8,27,0
TQWL,80,SL,27-08-2017,1,8,27,0
TQWL,58,SL,27-08-2017,1,8,27,0
TQWL,13,3A,28-08-2017,2,8,28,0
TQWL,10,SL,28-08-2017,2,8,28,1
TQWL,14,SL,28-08-2017,2,8,28,0
TQWL,42,SL,28-08-2017,2,8,28,0
TQWL,5,SL,29-08-2017,3,8,29,0
TQWL,75,SL,28-08-2017,2,8,28,0
TQWL,3,SL,29-08-2017,3,8,29,0
TQWL,1,SL,28-08-2017,2,8,28,1
TQWL,5,SL,28-08-2017,2,8,28,1
TQWL,118,SL,28-08-2017,2,8,28,0
TQWL,1,SL,29-08-2017,3,8,29,0
TQWL,49,SL,28-08-2017,2,8,28,0
TQWL,62,SL,29-08-2017,3,8,29,0
TQWL,60,SL,29-08-2017,3,8,29,0
TQWL,8,SL,29-08-2017,3,8,29,0
TQWL,1,2A,28-08-2017,2,8,28,0
TQWL,17,3A,29-08-2017,3,8,29,0
TQWL,112,SL,28-08-2017,2,8,28,1
TQWL,14,SL,29-08-2017,3,8,29,0
TQWL,86,SL,29-08-2017,3,8,29,0
TQWL,33,SL,29-08-2017,3,8,29,0
TQWL,2,3A,29-08-2017,3,8,29,0
TQWL,106,SL,29-08-2017,3,8,29,0
TQWL,87,SL,29-08-2017,3,8,29,1
TQWL,49,SL,31-08-2017,5,8,31,0
TQWL,95,SL,31-08-2017,5,8,31,0
TQWL,86,SL,31-08-2017,5,8,31,0
TQWL,48,SL,31-08-2017,5,8,31,0
TQWL,46,SL,31-08-2017,5,8,31,0
TQWL,43,SL,31-08-2017,5,8,31,0
TQWL,11,SL,1/9/2017,6,9,1,0
TQWL,61,SL,31-08-2017,5,8,31,0
TQWL,107,SL,1/9/2017,6,9,1,0
TQWL,58,SL,31-08-2017,5,8,31,0
TQWL,55,SL,1/9/2017,6,9,1,0
TQWL,66,SL,1/9/2017,6,9,1,0
TQWL,1,3A,1/9/2017,6,9,1,1
TQWL,3,SL,3/9/2017,1,9,3,1
TQWL,32,SL,1/9/2017,6,9,1,0
TQWL,98,SL,1/9/2017,6,9,1,0
TQWL,20,SL,2/9/2017,7,9,2,0
TQWL,1,SL,2/9/2017,7,9,2,1
TQWL,3,SL,4/9/2017,2,9,4,1
TQWL,1,SL,4/9/2017,2,9,4,1
TQWL,9,3A,4/9/2017,2,9,4,0
TQWL,16,3A,4/9/2017,2,9,4,1
TQWL,45,SL,5/9/2017,3,9,5,0
TQWL,55,SL,4/9/2017,2,9,4,0
TQWL,24,SL,4/9/2017,2,9,4,0
TQWL,8,3A,5/9/2017,3,9,5,1
TQWL,37,SL,5/9/2017,3,9,5,0
TQWL,1,SL,5/9/2017,3,9,5,1
TQWL,42,SL,5/9/2017,3,9,5,0
TQWL,27,3A,6/9/2017,4,9,6,1
TQWL,16,3A,6/9/2017,4,9,6,1
TQWL,61,SL,6/9/2017,4,9,6,0
TQWL,78,SL,6/9/2017,4,9,6,0
TQWL,18,3A,6/9/2017,4,9,6,0
TQWL,3,SL,8/9/2017,6,9,8,1
TQWL,75,SL,7/9/2017,5,9,7,0
TQWL,83,SL,7/9/2017,5,9,7,0
TQWL,12,3A,8/9/2017,6,9,8,0
TQWL,104,SL,8/9/2017,6,9,8,0
TQWL,98,SL,8/9/2017,6,9,8,0
TQWL,66,SL,8/9/2017,6,9,8,0
TQWL,2,2A,8/9/2017,6,9,8,0
TQWL,7,3A,7/9/2017,5,9,7,1
TQWL,54,SL,7/9/2017,5,9,7,0
TQWL,6,SL,8/9/2017,6,9,8,0
TQWL,24,SL,7/9/2017,5,9,7,0
TQWL,30,3A,8/9/2017,6,9,8,0
TQWL,2,SL,9/9/2017,7,9,9,1
TQWL,55,SL,8/9/2017,6,9,8,0
TQWL,44,SL,9/9/2017,7,9,9,0
TQWL,102,SL,9/9/2017,7,9,9,0
TQWL,68,SL,9/9/2017,7,9,9,0
TQWL,60,SL,9/9/2017,7,9,9,0
TQWL,79,SL,8/9/2017,6,9,8,0
TQWL,65,SL,9/9/2017,7,9,9,0
TQWL,39,SL,9/9/2017,7,9,9,0
TQWL,1,3A,9/9/2017,7,9,9,0
TQWL,2,3A,9/9/2017,7,9,9,0
TQWL,1,3A,11/9/2017,2,9,11,0
TQWL,1,3A,10/9/2017,1,9,10,1
TQWL,80,SL,10/9/2017,1,9,10,0
TQWL,5,2A,9/9/2017,7,9,9,0
TQWL,33,SL,9/9/2017,7,9,9,0
TQWL,5,SL,10/9/2017,1,9,10,0
TQWL,19,3A,11/9/2017,2,9,11,0
TQWL,21,SL,11/9/2017,2,9,11,0
TQWL,29,SL,11/9/2017,2,9,11,1
TQWL,20,SL,11/9/2017,2,9,11,0
TQWL,3,SL,11/9/2017,2,9,11,0
TQWL,28,SL,11/9/2017,2,9,11,0
TQWL,16,3A,11/9/2017,2,9,11,1
TQWL,13,SL,13-09-2017,4,9,13,0
TQWL,41,SL,13-09-2017,4,9,13,0
TQWL,70,SL,13-09-2017,4,9,13,0
TQWL,8,SL,13-09-2017,4,9,13,0
TQWL,4,SL,12/9/2017,3,9,12,0
TQWL,34,SL,12/9/2017,3,9,12,0
TQWL,9,3A,12/9/2017,3,9,12,1
TQWL,81,SL,13-09-2017,4,9,13,0
TQWL,38,SL,12/9/2017,3,9,12,0
TQWL,116,SL,13-09-2017,4,9,13,0
TQWL,100,SL,13-09-2017,4,9,13,0
TQWL,101,SL,14-09-2017,5,9,14,0
TQWL,3,SL,15-09-2017,6,9,15,0
TQWL,100,SL,14-09-2017,5,9,14,0
TQWL,81,SL,14-09-2017,5,9,14,0
TQWL,3,SL,15-09-2017,6,9,15,0
TQWL,5,SL,15-09-2017,6,9,15,1
TQWL,90,SL,14-09-2017,5,9,14,0
TQWL,96,SL,14-09-2017,5,9,14,0
TQWL,56,3A,15-09-2017,6,9,15,0
TQWL,52,3A,15-09-2017,6,9,15,0
TQWL,63,SL,15-09-2017,6,9,15,0
TQWL,7,SL,16-09-2017,7,9,16,0
TQWL,41,3A,16-09-2017,7,9,16,0
TQWL,4,2A,16-09-2017,7,9,16,0
TQWL,59,3A,16-09-2017,7,9,16,0
TQWL,54,SL,16-09-2017,7,9,16,0
TQWL,110,SL,16-09-2017,7,9,16,1
TQWL,10,SL,17-09-2017,1,9,17,1
TQWL,24,SL,16-09-2017,7,9,16,0
TQWL,125,SL,16-09-2017,7,9,16,0
TQWL,15,SL,16-09-2017,7,9,16,1
TQWL,122,SL,16-09-2017,7,9,16,0
TQWL,20,SL,16-09-2017,7,9,16,1
TQWL,37,SL,16-09-2017,7,9,16,0
TQWL,44,3A,17-09-2017,1,9,17,0
TQWL,62,SL,17-09-2017,1,9,17,0
TQWL,59,3A,17-09-2017,1,9,17,0
TQWL,91,SL,17-09-2017,1,9,17,0
TQWL,73,SL,17-09-2017,1,9,17,0
TQWL,4,SL,17-09-2017,1,9,17,0
TQWL,56,3A,16-09-2017,7,9,16,0
TQWL,68,3A,17-09-2017,1,9,17,0
TQWL,122,SL,17-09-2017,1,9,17,0
TQWL,48,3A,17-09-2017,1,9,17,0
TQWL,2,3A,17-09-2017,1,9,17,1
TQWL,52,3A,17-09-2017,1,9,17,0
TQWL,37,SL,17-09-2017,1,9,17,0
TQWL,3,SL,18-09-2017,2,9,18,1
TQWL,38,SL,17-09-2017,1,9,17,0
TQWL,16,3A,18-09-2017,2,9,18,0
TQWL,30,3A,18-09-2017,2,9,18,0
TQWL,14,3A,18-09-2017,2,9,18,0
TQWL,93,SL,18-09-2017,2,9,18,0
TQWL,97,SL,18-09-2017,2,9,18,0
TQWL,20,3A,18-09-2017,2,9,18,1
TQWL,19,SL,18-09-2017,2,9,18,0
TQWL,29,3A,18-09-2017,2,9,18,0
TQWL,23,SL,18-09-2017,2,9,18,0
TQWL,82,SL,18-09-2017,2,9,18,0
TQWL,83,SL,18-09-2017,2,9,18,0
TQWL,42,SL,17-09-2017,1,9,17,0
TQWL,94,SL,18-09-2017,2,9,18,0
TQWL,110,SL,17-09-2017,1,9,17,1
TQWL,9,SL,19-09-2017,3,9,19,1
TQWL,6,2A,18-09-2017,2,9,18,0
TQWL,8,3A,19-09-2017,3,9,19,0
TQWL,3,SL,20-09-2017,4,9,20,0
TQWL,53,SL,19-09-2017,3,9,19,0
TQWL,5,2A,19-09-2017,3,9,19,0
TQWL,40,SL,19-09-2017,3,9,19,0
TQWL,10,SL,20-09-2017,4,9,20,1
TQWL,61,SL,20-09-2017,4,9,20,0
TQWL,4,SL,21-09-2017,5,9,21,1
TQWL,71,SL,20-09-2017,4,9,20,0
TQWL,38,SL,20-09-2017,4,9,20,0
TQWL,105,SL,19-09-2017,3,9,19,0
TQWL,45,3A,20-09-2017,4,9,20,0
TQWL,88,SL,20-09-2017,4,9,20,0
TQWL,41,3A,21-09-2017,5,9,21,0
TQWL,47,SL,21-09-2017,5,9,21,0
TQWL,123,SL,21-09-2017,5,9,21,0
TQWL,1,SL,22-09-2017,6,9,22,0
TQWL,87,SL,21-09-2017,5,9,21,0
TQWL,119,SL,21-09-2017,5,9,21,1
TQWL,10,SL,22-09-2017,6,9,22,0
TQWL,91,SL,21-09-2017,5,9,21,0
TQWL,27,SL,21-09-2017,5,9,21,0
TQWL,50,SL,21-09-2017,5,9,21,0
TQWL,38,3A,21-09-2017,5,9,21,0
TQWL,29,SL,21-09-2017,5,9,21,0
TQWL,54,3A,21-09-2017,5,9,21,0
TQWL,117,SL,21-09-2017,5,9,21,0
TQWL,47,3A,21-09-2017,5,9,21,0
TQWL,18,SL,22-09-2017,6,9,22,0
TQWL,51,SL,21-09-2017,5,9,21,0
TQWL,59,3A,22-09-2017,6,9,22,0
TQWL,80,3A,22-09-2017,6,9,22,0
TQWL,64,3A,22-09-2017,6,9,22,0
TQWL,50,3A,21-09-2017,5,9,21,0
TQWL,6,SL,22-09-2017,6,9,22,0
TQWL,42,SL,22-09-2017,6,9,22,0
TQWL,94,SL,22-09-2017,6,9,22,0
TQWL,83,3A,22-09-2017,6,9,22,0
TQWL,63,SL,22-09-2017,6,9,22,1
TQWL,77,3A,22-09-2017,6,9,22,0
TQWL,3,3A,23-09-2017,7,9,23,1
TQWL,111,SL,21-09-2017,5,9,21,0
TQWL,72,SL,21-09-2017,5,9,21,0
TQWL,9,SL,23-09-2017,7,9,23,0
TQWL,2,3A,22-09-2017,6,9,22,1
TQWL,2,3A,23-09-2017,7,9,23,0
TQWL,71,SL,22-09-2017,6,9,22,0
TQWL,35,SL,22-09-2017,6,9,22,0
TQWL,71,3A,22-09-2017,6,9,22,0
TQWL,7,3A,23-09-2017,7,9,23,0
TQWL,7,2A,23-09-2017,7,9,23,0
TQWL,46,SL,23-09-2017,7,9,23,0
TQWL,111,SL,23-09-2017,7,9,23,0
TQWL,118,SL,23-09-2017,7,9,23,0
TQWL,63,3A,24-09-2017,1,9,24,0
TQWL,48,SL,23-09-2017,7,9,23,0
TQWL,86,SL,23-09-2017,7,9,23,0
TQWL,22,SL,23-09-2017,7,9,23,0
TQWL,6,3A,23-09-2017,7,9,23,0
TQWL,8,SL,23-09-2017,7,9,23,0
TQWL,10,SL,23-09-2017,7,9,23,0
TQWL,112,SL,23-09-2017,7,9,23,1
TQWL,5,SL,24-09-2017,1,9,24,0
TQWL,74,3A,24-09-2017,1,9,24,0
TQWL,119,SL,24-09-2017,1,9,24,0
TQWL,118,SL,24-09-2017,1,9,24,0
TQWL,12,SL,25-09-2017,2,9,25,0
TQWL,5,SL,25-09-2017,2,9,25,0
TQWL,7,2A,24-09-2017,1,9,24,0
TQWL,37,SL,24-09-2017,1,9,24,0
TQWL,2,SL,24-09-2017,1,9,24,0
TQWL,21,SL,24-09-2017,1,9,24,0
TQWL,17,3A,25-09-2017,2,9,25,0
TQWL,2,2A,25-09-2017,2,9,25,1
TQWL,3,2A,25-09-2017,2,9,25,0
TQWL,1,SL,26-09-2017,3,9,26,0
TQWL,109,SL,25-09-2017,2,9,25,0
TQWL,102,SL,25-09-2017,2,9,25,0
TQWL,84,SL,25-09-2017,2,9,25,0
TQWL,35,3A,25-09-2017,2,9,25,0
TQWL,57,SL,25-09-2017,2,9,25,0
TQWL,41,SL,25-09-2017,2,9,25,0
TQWL,30,SL,25-09-2017,2,9,25,0
TQWL,11,SL,25-09-2017,2,9,25,0
TQWL,16,SL,25-09-2017,2,9,25,0
TQWL,65,SL,25-09-2017,2,9,25,0
TQWL,14,SL,26-09-2017,3,9,26,0
TQWL,17,SL,26-09-2017,3,9,26,0
TQWL,12,SL,26-09-2017,3,9,26,1
TQWL,73,SL,25-09-2017,2,9,25,0
TQWL,55,SL,25-09-2017,2,9,25,0
TQWL,25,SL,25-09-2017,2,9,25,0
TQWL,22,3A,26-09-2017,3,9,26,0
TQWL,28,3A,26-09-2017,3,9,26,0
TQWL,2,2A,26-09-2017,3,9,26,0
TQWL,6,SL,27-09-2017,4,9,27,0
TQWL,16,SL,26-09-2017,3,9,26,0
TQWL,64,SL,26-09-2017,3,9,26,0
TQWL,69,SL,26-09-2017,3,9,26,0
TQWL,3,3A,26-09-2017,3,9,26,1
TQWL,39,SL,26-09-2017,3,9,26,0
TQWL,15,2A,26-09-2017,3,9,26,0
TQWL,20,SL,26-09-2017,3,9,26,0
TQWL,32,SL,26-09-2017,3,9,26,0
TQWL,26,SL,26-09-2017,3,9,26,1
TQWL,19,3A,26-09-2017,3,9,26,1
TQWL,88,SL,26-09-2017,3,9,26,0
TQWL,6,SL,27-09-2017,4,9,27,1
TQWL,8,SL,27-09-2017,4,9,27,0
TQWL,32,3A,27-09-2017,4,9,27,0
TQWL,16,3A,27-09-2017,4,9,27,0
TQWL,4,2A,27-09-2017,4,9,27,0
TQWL,27,3A,27-09-2017,4,9,27,0
TQWL,34,3A,27-09-2017,4,9,27,0
TQWL,12,SL,27-09-2017,4,9,27,0
TQWL,65,SL,27-09-2017,4,9,27,0
TQWL,53,SL,27-09-2017,4,9,27,0
TQWL,40,SL,27-09-2017,4,9,27,0
TQWL,60,SL,27-09-2017,4,9,27,0
TQWL,97,SL,27-09-2017,4,9,27,0
TQWL,92,SL,27-09-2017,4,9,27,0
TQWL,3,SL,27-09-2017,4,9,27,1
TQWL,5,SL,27-09-2017,4,9,27,1
TQWL,82,SL,27-09-2017,4,9,27,0
TQWL,27,3A,28-09-2017,5,9,28,0
TQWL,14,SL,28-09-2017,5,9,28,1
TQWL,35,3A,28-09-2017,5,9,28,0
TQWL,125,SL,28-09-2017,5,9,28,0
TQWL,116,SL,28-09-2017,5,9,28,0
TQWL,2,3A,29-09-2017,6,9,29,0
TQWL,67,SL,28-09-2017,5,9,28,0
TQWL,38,3A,28-09-2017,5,9,28,0
TQWL,118,SL,28-09-2017,5,9,28,0
TQWL,1,3A,28-09-2017,5,9,28,0
TQWL,56,SL,28-09-2017,5,9,28,0
TQWL,1,SL,29-09-2017,6,9,29,0
TQWL,19,3A,29-09-2017,6,9,29,0
TQWL,21,3A,29-09-2017,6,9,29,0
TQWL,2,2A,29-09-2017,6,9,29,0
TQWL,12,3A,29-09-2017,6,9,29,0
TQWL,31,SL,29-09-2017,6,9,29,0
TQWL,44,SL,29-09-2017,6,9,29,0
TQWL,46,SL,29-09-2017,6,9,29,0
TQWL,104,SL,29-09-2017,6,9,29,0
TQWL,62,SL,29-09-2017,6,9,29,0
TQWL,9,SL,30-09-2017,7,9,30,0
TQWL,18,3A,30-09-2017,7,9,30,0
TQWL,4,2A,30-09-2017,7,9,30,0
TQWL,49,SL,30-09-2017,7,9,30,0
TQWL,37,SL,30-09-2017,7,9,30,0
TQWL,76,SL,30-09-2017,7,9,30,0
TQWL,117,SL,30-09-2017,7,9,30,0
TQWL,19,3A,30-09-2017,7,9,30,0
TQWL,68,SL,30-09-2017,7,9,30,0
TQWL,10,SL,1/10/2017,1,10,1,0
TQWL,39,SL,30-09-2017,7,9,30,0
TQWL,16,SL,30-09-2017,7,9,30,0
TQWL,10,3A,1/10/2017,1,10,1,0
TQWL,45,SL,1/10/2017,1,10,1,0
TQWL,100,SL,1/10/2017,1,10,1,0
TQWL,69,SL,1/10/2017,1,10,1,0
TQWL,61,SL,1/10/2017,1,10,1,0
TQWL,8,SL,3/10/2017,3,10,3,0
TQWL,16,3A,3/10/2017,3,10,3,0
TQWL,8,SL,3/10/2017,3,10,3,0
TQWL,8,SL,4/10/2017,4,10,4,0
TQWL,6,SL,4/10/2017,4,10,4,1
TQWL,96,SL,3/10/2017,3,10,3,0
TQWL,28,SL,3/10/2017,3,10,3,0
TQWL,52,SL,3/10/2017,3,10,3,0
TQWL,19,SL,5/10/2017,5,10,5,0
TQWL,69,SL,5/10/2017,5,10,5,1
TQWL,34,SL,4/10/2017,4,10,4,0
TQWL,53,SL,4/10/2017,4,10,4,0
TQWL,30,SL,4/10/2017,4,10,4,0
TQWL,63,SL,4/10/2017,4,10,4,0
TQWL,99,SL,4/10/2017,4,10,4,0
TQWL,54,SL,4/10/2017,4,10,4,0
TQWL,46,SL,4/10/2017,4,10,4,0
TQWL,8,SL,4/10/2017,4,10,4,0
TQWL,12,SL,4/10/2017,4,10,4,0
TQWL,117,SL,4/10/2017,4,10,4,0
TQWL,9,3A,5/10/2017,5,10,5,0
TQWL,7,SL,5/10/2017,5,10,5,1
TQWL,3,3A,5/10/2017,5,10,5,1
TQWL,1,SL,4/11/2017,7,11,4,1
TQWL,3,3A,4/11/2017,7,11,4,0
TQWL,2,3A,5/11/2017,1,11,5,0
TQWL,14,3A,4/11/2017,7,11,4,0
WL,53,SL,7/12/2016,4,12,7,0
WL,1,2A,7/12/2016,4,12,7,0
WL,30,SL,11/12/2016,1,12,11,0
WL,1,3A,13-12-2016,3,12,13,1
WL,11,SL,13-12-2016,3,12,13,0
WL,9,SL,15-12-2016,5,12,15,0
WL,10,SL,15-12-2016,5,12,15,0
WL,1,2A,13-12-2016,3,12,13,1
WL,7,3A,15-12-2016,5,12,15,0
WL,62,SL,15-12-2016,5,12,15,1
WL,9,SL,16-12-2016,6,12,16,0
WL,15,SL,15-12-2016,5,12,15,0
WL,7,SL,15-12-2016,5,12,15,0
WL,86,SL,15-12-2016,5,12,15,0
WL,53,SL,16-12-2016,6,12,16,0
WL,85,SL,16-12-2016,6,12,16,0
WL,29,SL,16-12-2016,6,12,16,0
WL,15,SL,16-12-2016,6,12,16,0
WL,20,SL,16-12-2016,6,12,16,0
WL,11,SL,17-12-2016,7,12,17,1
WL,2,2A,16-12-2016,6,12,16,1
WL,12,3A,18-12-2016,1,12,18,0
WL,19,3A,18-12-2016,1,12,18,0
WL,6,SL,19-12-2016,2,12,19,1
WL,3,SL,18-12-2016,1,12,18,1
WL,53,SL,19-12-2016,2,12,19,0
WL,3,SL,20-12-2016,3,12,20,0
WL,14,3A,19-12-2016,2,12,19,0
WL,28,SL,19-12-2016,2,12,19,0
WL,52,SL,19-12-2016,2,12,19,1
WL,51,SL,20-12-2016,3,12,20,0
WL,22,3A,20-12-2016,3,12,20,0
WL,4,SL,20-12-2016,3,12,20,0
WL,32,3A,21-12-2016,4,12,21,0
WL,19,3A,21-12-2016,4,12,21,1
WL,35,3A,21-12-2016,4,12,21,0
WL,1,SL,22-12-2016,5,12,22,0
WL,81,SL,21-12-2016,4,12,21,0
WL,1,SL,21-12-2016,4,12,21,1
WL,6,SL,22-12-2016,5,12,22,0
WL,6,3A,20-12-2016,3,12,20,1
WL,4,2A,21-12-2016,4,12,21,1
WL,7,3A,22-12-2016,5,12,22,1
WL,98,SL,22-12-2016,5,12,22,0
WL,79,SL,22-12-2016,5,12,22,0
WL,18,SL,22-12-2016,5,12,22,0
WL,46,SL,22-12-2016,5,12,22,0
WL,89,SL,22-12-2016,5,12,22,0
WL,31,SL,22-12-2016,5,12,22,0
WL,15,SL,23-12-2016,6,12,23,0
WL,36,3A,22-12-2016,5,12,22,1
WL,84,SL,22-12-2016,5,12,22,0
WL,123,SL,22-12-2016,5,12,22,0
WL,14,SL,23-12-2016,6,12,23,0
WL,34,SL,22-12-2016,5,12,22,0
WL,77,SL,23-12-2016,6,12,23,0
WL,39,SL,23-12-2016,6,12,23,0
WL,32,SL,23-12-2016,6,12,23,0
WL,19,3A,23-12-2016,6,12,23,0
WL,10,SL,23-12-2016,6,12,23,0
WL,40,SL,23-12-2016,6,12,23,0
WL,78,SL,23-12-2016,6,12,23,0
WL,30,3A,23-12-2016,6,12,23,0
WL,43,SL,23-12-2016,6,12,23,0
WL,2,SL,25-12-2016,1,12,25,0
WL,8,SL,25-12-2016,1,12,25,0
WL,38,3A,23-12-2016,6,12,23,0
WL,30,3A,25-12-2016,1,12,25,0
WL,59,SL,25-12-2016,1,12,25,0
WL,27,SL,25-12-2016,1,12,25,0
WL,34,SL,25-12-2016,1,12,25,0
WL,1,SL,25-12-2016,1,12,25,1
WL,9,3A,26-12-2016,2,12,26,0
WL,2,SL,27-12-2016,3,12,27,0
WL,3,3A,26-12-2016,2,12,26,0
WL,3,3A,26-12-2016,2,12,26,0
WL,15,SL,27-12-2016,3,12,27,0
WL,4,3A,27-12-2016,3,12,27,0
WL,6,3A,27-12-2016,3,12,27,0
WL,54,SL,26-12-2016,2,12,26,0
WL,60,SL,26-12-2016,2,12,26,0
WL,38,SL,27-12-2016,3,12,27,1
WL,20,SL,27-12-2016,3,12,27,0
WL,57,SL,27-12-2016,3,12,27,0
WL,11,SL,29-12-2016,5,12,29,0
WL,14,SL,29-12-2016,5,12,29,0
WL,43,SL,29-12-2016,5,12,29,1
WL,21,SL,29-12-2016,5,12,29,1
WL,26,SL,30-12-2016,6,12,30,0
WL,32,SL,30-12-2016,6,12,30,0
WL,4,SL,30-12-2016,6,12,30,1
WL,12,SL,30-12-2016,6,12,30,0
WL,29,SL,30-12-2016,6,12,30,0
WL,4,SL,31-12-2016,7,12,31,0
WL,16,3A,1/1/2017,1,1,1,0
WL,11,SL,2/1/2017,2,1,2,0
WL,47,SL,2/1/2017,2,1,2,1
WL,10,3A,3/1/2017,3,1,3,1
WL,5,3A,3/1/2017,3,1,3,1
WL,12,SL,3/1/2017,3,1,3,0
WL,25,SL,3/1/2017,3,1,3,0
WL,3,3A,3/1/2017,3,1,3,1
WL,10,3A,4/1/2017,4,1,4,0
WL,51,SL,5/1/2017,5,1,5,0
WL,66,SL,5/1/2017,5,1,5,0
WL,6,SL,5/1/2017,5,1,5,0
WL,1,2A,6/1/2017,6,1,6,1
WL,55,SL,6/1/2017,6,1,6,0
WL,32,SL,6/1/2017,6,1,6,0
WL,61,SL,6/1/2017,6,1,6,0
WL,9,SL,6/1/2017,6,1,6,1
TQWL,4,SL,23-05-2017,3,5,23,0
TQWL,6,3A,23-05-2017,3,5,23,0
TQWL,1,SL,25-05-2017,5,5,25,1
TQWL,3,SL,25-05-2017,5,5,25,1
TQWL,17,3A,25-05-2017,5,5,25,0
TQWL,4,SL,25-05-2017,5,5,25,0
TQWL,15,SL,25-05-2017,5,5,25,0
TQWL,5,SL,26-05-2017,6,5,26,1
TQWL,5,SL,26-05-2017,6,5,26,0
TQWL,40,SL,26-05-2017,6,5,26,0
TQWL,76,SL,26-05-2017,6,5,26,0
TQWL,22,3A,26-05-2017,6,5,26,0
TQWL,2,2A,26-05-2017,6,5,26,0
TQWL,15,SL,26-05-2017,6,5,26,0
TQWL,98,SL,27-05-2017,7,5,27,0
TQWL,11,3A,27-05-2017,7,5,27,0
TQWL,7,SL,27-05-2017,7,5,27,1
TQWL,16,SL,27-05-2017,7,5,27,1
TQWL,2,3A,28-05-2017,1,5,28,0
TQWL,1,3A,28-05-2017,1,5,28,0
TQWL,26,3A,28-05-2017,1,5,28,0
TQWL,12,SL,28-05-2017,1,5,28,1
TQWL,2,SL,29-05-2017,2,5,29,0
TQWL,8,SL,29-05-2017,2,5,29,0
TQWL,5,SL,29-05-2017,2,5,29,0
TQWL,10,SL,29-05-2017,2,5,29,1
TQWL,54,SL,29-05-2017,2,5,29,0
TQWL,6,SL,29-05-2017,2,5,29,0
TQWL,3,SL,30-05-2017,3,5,30,1
TQWL,11,SL,29-05-2017,2,5,29,0
TQWL,12,SL,30-05-2017,3,5,30,1
TQWL,1,SL,31-05-2017,4,5,31,0
TQWL,4,2A,30-05-2017,3,5,30,0
TQWL,2,3A,31-05-2017,4,5,31,1
TQWL,15,3A,31-05-2017,4,5,31,1
TQWL,19,SL,30-05-2017,3,5,30,0
TQWL,17,3A,31-05-2017,4,5,31,1
TQWL,18,SL,30-05-2017,3,5,30,0
TQWL,40,SL,31-05-2017,4,5,31,0
TQWL,3,SL,31-05-2017,4,5,31,1
TQWL,5,SL,1/6/2017,5,6,1,1
TQWL,29,3A,1/6/2017,5,6,1,0
TQWL,6,3A,1/6/2017,5,6,1,0
TQWL,21,SL,1/6/2017,5,6,1,1
TQWL,33,SL,1/6/2017,5,6,1,0
TQWL,23,3A,1/6/2017,5,6,1,0
TQWL,28,SL,1/6/2017,5,6,1,0
TQWL,91,SL,1/6/2017,5,6,1,0
TQWL,15,3A,2/6/2017,6,6,2,0
TQWL,3,3A,2/6/2017,6,6,2,0
TQWL,44,SL,2/6/2017,6,6,2,0
TQWL,11,3A,2/6/2017,6,6,2,0
TQWL,45,SL,2/6/2017,6,6,2,0
TQWL,98,SL,1/6/2017,5,6,1,0
TQWL,8,SL,2/6/2017,6,6,2,0
TQWL,21,SL,2/6/2017,6,6,2,0
TQWL,27,3A,2/6/2017,6,6,2,0
TQWL,78,SL,2/6/2017,6,6,2,0
TQWL,18,3A,2/6/2017,6,6,2,0
TQWL,3,SL,6/10/2017,6,10,6,0
TQWL,7,SL,6/10/2017,6,10,6,0
TQWL,77,SL,6/10/2017,6,10,6,0
TQWL,4,2A,6/10/2017,6,10,6,0
TQWL,13,SL,7/10/2017,7,10,7,0
TQWL,16,3A,6/10/2017,6,10,6,0
TQWL,10,SL,6/10/2017,6,10,6,1
TQWL,9,3A,5/11/2017,1,11,5,0
TQWL,67,SL,5/11/2017,1,11,5,0
TQWL,89,SL,5/11/2017,1,11,5,0
TQWL,7,SL,6/11/2017,2,11,6,1
TQWL,83,SL,5/11/2017,1,11,5,0
TQWL,2,SL,6/11/2017,2,11,6,0
TQWL,41,SL,6/11/2017,2,11,6,0
TQWL,45,SL,6/11/2017,2,11,6,0
TQWL,4,SL,6/11/2017,2,11,6,0
TQWL,6,SL,6/11/2017,2,11,6,0
TQWL,1,SL,7/11/2017,3,11,7,1
TQWL,8,3A,6/11/2017,2,11,6,1
TQWL,1,SL,8/11/2017,4,11,8,0
TQWL,5,3A,9/11/2017,5,11,9,1
TQWL,25,SL,8/11/2017,4,11,8,0
TQWL,39,SL,9/11/2017,5,11,9,0
TQWL,22,SL,9/11/2017,5,11,9,0
TQWL,55,SL,9/11/2017,5,11,9,0
TQWL,46,SL,9/11/2017,5,11,9,0
TQWL,21,SL,10/11/2017,6,11,10,0
TQWL,10,SL,11/11/2017,7,11,11,0
TQWL,17,3A,10/11/2017,6,11,10,0
TQWL,36,SL,10/11/2017,6,11,10,0
TQWL,51,SL,9/11/2017,5,11,9,0
TQWL,75,SL,10/11/2017,6,11,10,0
TQWL,1,SL,11/11/2017,7,11,11,1
TQWL,5,SL,12/11/2017,1,11,12,1
TQWL,24,3A,10/11/2017,6,11,10,0
TQWL,3,3A,11/11/2017,7,11,11,0
TQWL,64,SL,10/11/2017,6,11,10,0
TQWL,13,3A,12/11/2017,1,11,12,0
TQWL,11,3A,12/11/2017,1,11,12,0
TQWL,54,SL,12/11/2017,1,11,12,0
TQWL,8,SL,12/11/2017,1,11,12,0
TQWL,6,3A,11/11/2017,7,11,11,1
TQWL,39,SL,11/11/2017,7,11,11,0
TQWL,42,SL,12/11/2017,1,11,12,0
TQWL,9,SL,12/11/2017,1,11,12,1
TQWL,101,SL,12/11/2017,1,11,12,0
TQWL,21,SL,13-11-2017,2,11,13,0
TQWL,4,SL,14-11-2017,3,11,14,1
TQWL,85,SL,12/11/2017,1,11,12,0
TQWL,3,SL,14-11-2017,3,11,14,1
TQWL,3,SL,15-11-2017,4,11,15,1
TQWL,12,SL,14-11-2017,3,11,14,1
TQWL,23,SL,14-11-2017,3,11,14,0
TQWL,32,SL,15-11-2017,4,11,15,0
TQWL,45,SL,15-11-2017,4,11,15,0
TQWL,1,SL,15-11-2017,4,11,15,0
TQWL,54,SL,15-11-2017,4,11,15,0
TQWL,10,SL,16-11-2017,5,11,16,0
TQWL,2,SL,17-11-2017,6,11,17,1
TQWL,44,SL,16-11-2017,5,11,16,0
TQWL,14,3A,16-11-2017,5,11,16,1
TQWL,60,SL,16-11-2017,5,11,16,0
TQWL,11,3A,17-11-2017,6,11,17,0
TQWL,10,3A,17-11-2017,6,11,17,0
TQWL,22,3A,17-11-2017,6,11,17,0
TQWL,98,SL,17-11-2017,6,11,17,0
TQWL,72,SL,17-11-2017,6,11,17,0
TQWL,84,SL,17-11-2017,6,11,17,0
TQWL,30,3A,18-11-2017,7,11,18,0
TQWL,100,SL,17-11-2017,6,11,17,0
TQWL,60,SL,17-11-2017,6,11,17,0
TQWL,27,SL,18-11-2017,7,11,18,0
TQWL,78,SL,17-11-2017,6,11,17,0
TQWL,6,SL,18-11-2017,7,11,18,0
TQWL,6,SL,31-12-2017,1,12,31,0
TQWL,3,SL,31-12-2017,1,12,31,1
TQWL,1,SL,1/1/2018,2,1,1,0
TQWL,15,3A,31-12-2017,1,12,31,0
TQWL,2,3A,1/1/2018,2,1,1,1
TQWL,4,2A,1/1/2018,2,1,1,1
TQWL,41,SL,1/1/2018,2,1,1,0
TQWL,4,SL,3/1/2018,4,1,3,1
TQWL,66,SL,3/1/2018,4,1,3,0
TQWL,5,3A,3/1/2018,4,1,3,1
TQWL,60,SL,3/1/2018,4,1,3,0
TQWL,31,SL,3/1/2018,4,1,3,0
TQWL,27,SL,3/1/2018,4,1,3,0
TQWL,1,SL,5/1/2018,6,1,5,1
TQWL,4,SL,5/1/2018,6,1,5,0
TQWL,9,SL,4/1/2018,5,1,4,0
TQWL,81,SL,4/1/2018,5,1,4,0
TQWL,48,SL,4/1/2018,5,1,4,0
TQWL,50,SL,4/1/2018,5,1,4,0
TQWL,31,SL,5/1/2018,6,1,5,0
TQWL,106,SL,5/1/2018,6,1,5,0
TQWL,44,SL,5/1/2018,6,1,5,0
TQWL,19,SL,5/1/2018,6,1,5,0
TQWL,1,2A,4/1/2018,5,1,4,0
TQWL,76,SL,5/1/2018,6,1,5,0
TQWL,85,SL,5/1/2018,6,1,5,0
TQWL,5,3A,7/1/2018,1,1,7,0
TQWL,5,3A,5/1/2018,6,1,5,0
TQWL,53,SL,7/1/2018,1,1,7,0
TQWL,2,3A,7/1/2018,1,1,7,0
TQWL,17,SL,7/1/2018,1,1,7,0
TQWL,19,SL,7/1/2018,1,1,7,0
TQWL,26,SL,7/1/2018,1,1,7,0
TQWL,22,SL,7/1/2018,1,1,7,0
TQWL,7,3A,7/1/2018,1,1,7,1
TQWL,102,SL,7/1/2018,1,1,7,0
TQWL,80,SL,7/1/2018,1,1,7,0
TQWL,49,SL,8/1/2018,2,1,8,0
TQWL,47,SL,7/1/2018,1,1,7,0
TQWL,16,SL,8/1/2018,2,1,8,0
TQWL,22,SL,8/1/2018,2,1,8,0
TQWL,61,SL,9/1/2018,3,1,9,0
TQWL,100,SL,8/1/2018,2,1,8,1
TQWL,2,SL,10/1/2018,4,1,10,1
TQWL,87,SL,9/1/2018,3,1,9,0
TQWL,47,SL,9/1/2018,3,1,9,0
TQWL,104,SL,9/1/2018,3,1,9,0
TQWL,8,3A,9/1/2018,3,1,9,0
TQWL,1,3A,10/1/2018,4,1,10,0
TQWL,86,SL,10/1/2018,4,1,10,0
TQWL,117,SL,9/1/2018,3,1,9,0
TQWL,87,SL,10/1/2018,4,1,10,0
TQWL,19,SL,10/1/2018,4,1,10,0
TQWL,28,3A,10/1/2018,4,1,10,0
TQWL,113,SL,10/1/2018,4,1,10,0
TQWL,61,SL,10/1/2018,4,1,10,0
TQWL,97,SL,10/1/2018,4,1,10,0
TQWL,120,SL,10/1/2018,4,1,10,0
TQWL,114,SL,11/1/2018,5,1,11,0
TQWL,108,SL,11/1/2018,5,1,11,0
TQWL,14,SL,12/1/2018,6,1,12,0
TQWL,17,SL,12/1/2018,6,1,12,0
TQWL,10,SL,12/1/2018,6,1,12,0
TQWL,2,SL,11/1/2018,5,1,11,1
TQWL,6,SL,11/1/2018,5,1,11,0
TQWL,8,SL,11/1/2018,5,1,11,0
TQWL,2,3A,12/1/2018,6,1,12,0
TQWL,60,SL,11/1/2018,5,1,11,0
TQWL,27,3A,11/1/2018,5,1,11,0
TQWL,38,3A,12/1/2018,6,1,12,0
TQWL,36,SL,11/1/2018,5,1,11,0
TQWL,47,3A,12/1/2018,6,1,12,0
TQWL,17,3A,12/1/2018,6,1,12,0
TQWL,42,3A,12/1/2018,6,1,12,0
TQWL,28,SL,12/1/2018,6,1,12,0
TQWL,27,SL,12/1/2018,6,1,12,1
TQWL,22,3A,12/1/2018,6,1,12,0
TQWL,111,SL,12/1/2018,6,1,12,0
TQWL,1,SL,12/1/2018,6,1,12,1
TQWL,21,3A,13-01-2018,7,1,13,0
TQWL,50,SL,13-01-2018,7,1,13,0
TQWL,12,SL,14-01-2018,1,1,14,0
TQWL,62,SL,13-01-2018,7,1,13,0
TQWL,1,3A,14-01-2018,1,1,14,1
TQWL,14,SL,14-01-2018,1,1,14,0
TQWL,23,3A,13-01-2018,7,1,13,0
TQWL,4,3A,14-01-2018,1,1,14,0
TQWL,9,3A,14-01-2018,1,1,14,0
TQWL,48,SL,13-01-2018,7,1,13,0
TQWL,17,SL,14-01-2018,1,1,14,0
TQWL,2,3A,15-01-2018,2,1,15,1
TQWL,124,SL,14-01-2018,1,1,14,1
TQWL,3,3A,14-01-2018,1,1,14,0
TQWL,121,SL,14-01-2018,1,1,14,0
TQWL,72,SL,15-01-2018,2,1,15,0
TQWL,84,SL,15-01-2018,2,1,15,0
TQWL,4,SL,16-01-2018,3,1,16,0
TQWL,12,SL,15-01-2018,2,1,15,1
TQWL,73,SL,16-01-2018,3,1,16,0
TQWL,86,SL,15-01-2018,2,1,15,0
TQWL,16,SL,17-01-2018,4,1,17,0
TQWL,3,3A,16-01-2018,3,1,16,0
TQWL,18,SL,16-01-2018,3,1,16,1
TQWL,3,SL,16-01-2018,3,1,16,1
TQWL,81,SL,17-01-2018,4,1,17,0
TQWL,9,3A,17-01-2018,4,1,17,0
TQWL,78,SL,17-01-2018,4,1,17,0
TQWL,1,3A,16-01-2018,3,1,16,0
TQWL,99,SL,17-01-2018,4,1,17,0
TQWL,7,SL,18-01-2018,5,1,18,0
TQWL,3,SL,18-01-2018,5,1,18,1
TQWL,9,3A,18-01-2018,5,1,18,0
TQWL,9,SL,18-01-2018,5,1,18,1
TQWL,2,SL,19-01-2018,6,1,19,1
TQWL,124,SL,17-01-2018,4,1,17,1
TQWL,77,SL,18-01-2018,5,1,18,0
TQWL,47,SL,18-01-2018,5,1,18,0
TQWL,10,SL,20-01-2018,7,1,20,1
TQWL,44,SL,19-01-2018,6,1,19,0
TQWL,8,SL,19-01-2018,6,1,19,1
TQWL,43,SL,19-01-2018,6,1,19,0
TQWL,110,SL,19-01-2018,6,1,19,0
TQWL,1,2A,20-01-2018,7,1,20,0
TQWL,14,SL,20-01-2018,7,1,20,0
TQWL,1,3A,8/10/2017,1,10,8,0
TQWL,30,3A,7/10/2017,7,10,7,0
TQWL,21,3A,7/10/2017,7,10,7,0
TQWL,85,SL,7/10/2017,7,10,7,0
TQWL,53,SL,7/10/2017,7,10,7,0
TQWL,114,SL,7/10/2017,7,10,7,0
TQWL,7,SL,7/10/2017,7,10,7,1
TQWL,12,SL,8/10/2017,1,10,8,0
TQWL,64,SL,7/10/2017,7,10,7,0
TQWL,9,SL,8/10/2017,1,10,8,0
TQWL,14,SL,8/10/2017,1,10,8,0
TQWL,9,SL,9/10/2017,2,10,9,0
TQWL,104,SL,8/10/2017,1,10,8,1
TQWL,14,SL,8/10/2017,1,10,8,0
TQWL,18,3A,8/10/2017,1,10,8,0
TQWL,44,SL,8/10/2017,1,10,8,0
TQWL,9,3A,8/10/2017,1,10,8,0
TQWL,1,3A,9/10/2017,2,10,9,0
TQWL,55,SL,9/10/2017,2,10,9,0
TQWL,1,SL,10/10/2017,3,10,10,0
TQWL,16,SL,9/10/2017,2,10,9,0
TQWL,2,SL,9/10/2017,2,10,9,0
TQWL,18,3A,9/10/2017,2,10,9,0
TQWL,4,SL,10/10/2017,3,10,10,0
TQWL,17,SL,9/10/2017,2,10,9,0
TQWL,48,SL,9/10/2017,2,10,9,0
TQWL,37,SL,9/10/2017,2,10,9,0
TQWL,2,3A,10/10/2017,3,10,10,1
TQWL,64,SL,9/10/2017,2,10,9,0
TQWL,8,SL,9/10/2017,2,10,9,0
TQWL,38,SL,10/10/2017,3,10,10,0
TQWL,6,SL,10/10/2017,3,10,10,1
TQWL,76,SL,9/10/2017,2,10,9,1
TQWL,25,SL,9/10/2017,2,10,9,0
TQWL,63,SL,10/10/2017,3,10,10,0
TQWL,28,SL,10/10/2017,3,10,10,0
TQWL,67,SL,11/10/2017,4,10,11,1
TQWL,48,SL,11/10/2017,4,10,11,0
TQWL,73,SL,10/10/2017,3,10,10,0
TQWL,69,SL,10/10/2017,3,10,10,1
TQWL,11,3A,12/10/2017,5,10,12,0
TQWL,22,3A,13-10-2017,6,10,13,1
TQWL,4,2A,12/10/2017,5,10,12,0
TQWL,31,SL,12/10/2017,5,10,12,0
TQWL,44,SL,12/10/2017,5,10,12,0
TQWL,55,SL,12/10/2017,5,10,12,0
TQWL,7,SL,12/10/2017,5,10,12,0
TQWL,22,SL,12/10/2017,5,10,12,0
TQWL,34,SL,12/10/2017,5,10,12,0
TQWL,27,SL,11/10/2017,4,10,11,1
TQWL,53,SL,12/10/2017,5,10,12,0
TQWL,27,SL,12/10/2017,5,10,12,0
TQWL,5,3A,11/10/2017,4,10,11,1
TQWL,1,2A,12/10/2017,5,10,12,0
TQWL,85,SL,12/10/2017,5,10,12,0
TQWL,19,3A,13-10-2017,6,10,13,0
TQWL,2,3A,14-10-2017,7,10,14,0
TQWL,58,SL,13-10-2017,6,10,13,0
TQWL,105,SL,13-10-2017,6,10,13,0
TQWL,5,SL,14-10-2017,7,10,14,1
TQWL,82,SL,13-10-2017,6,10,13,0
TQWL,116,SL,12/10/2017,5,10,12,1
TQWL,2,SL,13-10-2017,6,10,13,0
TQWL,47,SL,13-10-2017,6,10,13,0
TQWL,60,SL,13-10-2017,6,10,13,0
TQWL,8,SL,14-10-2017,7,10,14,0
TQWL,6,SL,13-10-2017,6,10,13,0
TQWL,32,3A,13-10-2017,6,10,13,0
TQWL,4,SL,14-10-2017,7,10,14,1
TQWL,3,3A,14-10-2017,7,10,14,0
TQWL,6,2A,14-10-2017,7,10,14,0
TQWL,45,3A,14-10-2017,7,10,14,0
TQWL,21,SL,14-10-2017,7,10,14,0
TQWL,43,SL,14-10-2017,7,10,14,1
TQWL,33,SL,13-10-2017,6,10,13,0
TQWL,117,SL,13-10-2017,6,10,13,0
TQWL,1,SL,17-10-2017,3,10,17,0
TQWL,2,SL,17-10-2017,3,10,17,0
TQWL,106,SL,17-10-2017,3,10,17,0
TQWL,27,3A,18-10-2017,4,10,18,0
TQWL,1,3A,18-10-2017,4,10,18,0
TQWL,84,SL,17-10-2017,3,10,17,0
TQWL,23,SL,17-10-2017,3,10,17,0
TQWL,49,SL,17-10-2017,3,10,17,0
TQWL,20,3A,17-10-2017,3,10,17,0
TQWL,6,SL,17-10-2017,3,10,17,0
TQWL,14,SL,17-10-2017,3,10,17,0
TQWL,104,SL,17-10-2017,3,10,17,0
TQWL,9,3A,17-10-2017,3,10,17,0
TQWL,53,SL,17-10-2017,3,10,17,0
TQWL,11,3A,18-10-2017,4,10,18,0
TQWL,18,3A,18-10-2017,4,10,18,0
TQWL,8,3A,17-10-2017,3,10,17,0
TQWL,16,3A,18-10-2017,4,10,18,0
TQWL,31,3A,18-10-2017,4,10,18,0
TQWL,5,3A,18-10-2017,4,10,18,0
TQWL,71,SL,20-01-2018,7,1,20,0
TQWL,8,SL,21-01-2018,1,1,21,0
TQWL,12,SL,21-01-2018,1,1,21,0
TQWL,21,3A,19-01-2018,6,1,19,0
TQWL,70,SL,20-01-2018,7,1,20,1
TQWL,1,3A,20-01-2018,7,1,20,0
TQWL,1,SL,20-01-2018,7,1,20,1
TQWL,45,SL,20-01-2018,7,1,20,1
TQWL,7,3A,20-01-2018,7,1,20,1
TQWL,1,SL,22-01-2018,2,1,22,0
TQWL,7,SL,22-01-2018,2,1,22,0
TQWL,75,SL,21-01-2018,1,1,21,0
TQWL,51,SL,21-01-2018,1,1,21,0
TQWL,9,SL,22-01-2018,2,1,22,0
TQWL,10,SL,22-01-2018,2,1,22,0
TQWL,3,SL,21-01-2018,1,1,21,0
TQWL,1,SL,21-01-2018,1,1,21,1
TQWL,40,SL,21-01-2018,1,1,21,0
TQWL,48,SL,22-01-2018,2,1,22,0
TQWL,12,SL,22-01-2018,2,1,22,0
TQWL,8,SL,23-01-2018,3,1,23,1
TQWL,41,SL,22-01-2018,2,1,22,0
TQWL,19,3A,22-01-2018,2,1,22,0
TQWL,23,SL,22-01-2018,2,1,22,0
TQWL,61,SL,22-01-2018,2,1,22,0
TQWL,2,2A,24-01-2018,4,1,24,0
TQWL,1,SL,24-01-2018,4,1,24,0
TQWL,10,SL,24-01-2018,4,1,24,0
TQWL,40,SL,24-01-2018,4,1,24,0
TQWL,32,SL,24-01-2018,4,1,24,1
TQWL,32,3A,24-01-2018,4,1,24,0
TQWL,97,SL,24-01-2018,4,1,24,0
TQWL,5,SL,17-03-2018,7,3,17,1
TQWL,10,3A,17-03-2018,7,3,17,0
TQWL,24,SL,18-03-2018,1,3,18,0
TQWL,10,SL,18-03-2018,1,3,18,0
TQWL,49,SL,18-03-2018,1,3,18,0
TQWL,4,SL,19-03-2018,2,3,19,1
TQWL,14,3A,19-03-2018,2,3,19,0
TQWL,4,2A,20-03-2018,3,3,20,0
TQWL,7,SL,19-03-2018,2,3,19,0
TQWL,55,SL,18-03-2018,1,3,18,0
TQWL,41,SL,19-03-2018,2,3,19,0
TQWL,17,SL,20-03-2018,3,3,20,0
TQWL,44,SL,19-03-2018,2,3,19,0
TQWL,2,SL,20-03-2018,3,3,20,0
TQWL,7,SL,20-03-2018,3,3,20,0
TQWL,9,3A,22-03-2018,5,3,22,1
TQWL,16,3A,21-03-2018,4,3,21,0
TQWL,2,SL,21-03-2018,4,3,21,1
TQWL,62,SL,21-03-2018,4,3,21,1
TQWL,53,SL,22-03-2018,5,3,22,0
TQWL,72,SL,22-03-2018,5,3,22,0
TQWL,68,SL,22-03-2018,5,3,22,0
TQWL,81,SL,23-03-2018,6,3,23,0
TQWL,1,SL,22-03-2018,5,3,22,1
TQWL,55,SL,22-03-2018,5,3,22,0
TQWL,6,3A,22-03-2018,5,3,22,1
TQWL,6,SL,22-03-2018,5,3,22,1
TQWL,1,3A,22-03-2018,5,3,22,1
TQWL,4,SL,23-03-2018,6,3,23,0
TQWL,8,SL,22-03-2018,5,3,22,0
TQWL,4,2A,22-03-2018,5,3,22,1
TQWL,4,3A,23-03-2018,6,3,23,0
TQWL,5,SL,25-03-2018,1,3,25,0
TQWL,89,SL,23-03-2018,6,3,23,0
TQWL,56,SL,23-03-2018,6,3,23,0
TQWL,73,SL,23-03-2018,6,3,23,0
TQWL,1,SL,24-03-2018,7,3,24,1
TQWL,13,SL,24-03-2018,7,3,24,1
TQWL,2,SL,23-03-2018,6,3,23,0
TQWL,54,SL,23-03-2018,6,3,23,0
TQWL,1,SL,24-03-2018,7,3,24,1
TQWL,8,SL,25-03-2018,1,3,25,0
TQWL,12,3A,23-03-2018,6,3,23,0
TQWL,14,3A,24-03-2018,7,3,24,0
TQWL,16,SL,25-03-2018,1,3,25,0
TQWL,9,SL,25-03-2018,1,3,25,0
TQWL,12,SL,24-03-2018,7,3,24,1
TQWL,8,3A,25-03-2018,1,3,25,0
TQWL,10,3A,25-03-2018,1,3,25,0
TQWL,11,SL,25-03-2018,1,3,25,0
TQWL,72,SL,25-03-2018,1,3,25,0
TQWL,4,3A,26-03-2018,2,3,26,0
TQWL,38,SL,26-03-2018,2,3,26,0
TQWL,13,SL,26-03-2018,2,3,26,0
TQWL,52,SL,26-03-2018,2,3,26,0
TQWL,6,SL,27-03-2018,3,3,27,0
TQWL,44,SL,26-03-2018,2,3,26,0
TQWL,1,SL,27-03-2018,3,3,27,1
TQWL,14,3A,28-03-2018,4,3,28,1
TQWL,23,3A,28-03-2018,4,3,28,0
TQWL,16,3A,27-03-2018,3,3,27,0
TQWL,2,SL,27-03-2018,3,3,27,1
TQWL,9,3A,27-03-2018,3,3,27,0
TQWL,46,SL,28-03-2018,4,3,28,0
TQWL,14,SL,18-10-2017,4,10,18,0
TQWL,109,SL,18-10-2017,4,10,18,0
TQWL,11,SL,18-10-2017,4,10,18,1
TQWL,8,SL,18-10-2017,4,10,18,1
TQWL,3,SL,19-10-2017,5,10,19,0
TQWL,32,SL,18-10-2017,4,10,18,0
TQWL,92,SL,18-10-2017,4,10,18,0
TQWL,41,SL,17-10-2017,3,10,17,0
TQWL,28,SL,18-10-2017,4,10,18,0
TQWL,64,SL,17-10-2017,3,10,17,0
TQWL,31,SL,18-10-2017,4,10,18,0
TQWL,24,SL,18-10-2017,4,10,18,0
TQWL,108,SL,18-10-2017,4,10,18,0
TQWL,42,SL,18-10-2017,4,10,18,0
TQWL,2,SL,18-10-2017,4,10,18,1
TQWL,30,SL,19-10-2017,5,10,19,0
TQWL,2,3A,18-10-2017,4,10,18,0
TQWL,17,3A,18-10-2017,4,10,18,0
TQWL,20,3A,19-10-2017,5,10,19,0
TQWL,118,SL,18-10-2017,4,10,18,0
TQWL,68,SL,19-10-2017,5,10,19,0
TQWL,31,SL,20-10-2017,6,10,20,0
TQWL,116,SL,20-10-2017,6,10,20,0
TQWL,4,2A,20-10-2017,6,10,20,1
TQWL,7,SL,10/12/2017,1,12,10,0
TQWL,57,SL,10/12/2017,1,12,10,0
TQWL,1,3A,10/12/2017,1,12,10,1
TQWL,60,SL,10/12/2017,1,12,10,1
TQWL,10,3A,11/12/2017,2,12,11,0
TQWL,5,SL,12/12/2017,3,12,12,1
TQWL,6,SL,12/12/2017,3,12,12,1
TQWL,53,SL,11/12/2017,2,12,11,1
TQWL,40,SL,12/12/2017,3,12,12,0
TQWL,8,SL,12/12/2017,3,12,12,0
TQWL,67,SL,12/12/2017,3,12,12,0
TQWL,16,SL,12/12/2017,3,12,12,0
TQWL,34,SL,12/12/2017,3,12,12,0
TQWL,1,3A,13-12-2017,4,12,13,1
TQWL,3,3A,14-12-2017,5,12,14,0
TQWL,6,SL,15-12-2017,6,12,15,0
TQWL,1,SL,15-12-2017,6,12,15,0
TQWL,28,3A,13-12-2017,4,12,13,1
TQWL,53,SL,13-12-2017,4,12,13,0
TQWL,6,SL,14-12-2017,5,12,14,1
TQWL,52,SL,14-12-2017,5,12,14,0
TQWL,6,SL,14-12-2017,5,12,14,0
TQWL,42,SL,15-12-2017,6,12,15,0
TQWL,73,SL,15-12-2017,6,12,15,0
TQWL,13,SL,15-12-2017,6,12,15,1
TQWL,3,3A,16-12-2017,7,12,16,0
TQWL,6,SL,16-12-2017,7,12,16,0
TQWL,41,SL,15-12-2017,6,12,15,0
TQWL,7,2A,15-12-2017,6,12,15,0
TQWL,109,SL,15-12-2017,6,12,15,0
TQWL,19,3A,16-12-2017,7,12,16,0
TQWL,51,SL,16-12-2017,7,12,16,0
TQWL,6,SL,16-12-2017,7,12,16,1
TQWL,16,SL,16-12-2017,7,12,16,0
TQWL,33,SL,16-12-2017,7,12,16,0
TQWL,46,SL,16-12-2017,7,12,16,0
TQWL,13,3A,17-12-2017,1,12,17,0
TQWL,1,2A,17-12-2017,1,12,17,0
TQWL,11,3A,17-12-2017,1,12,17,0
TQWL,18,3A,17-12-2017,1,12,17,0
TQWL,35,SL,18-12-2017,2,12,18,0
TQWL,4,SL,17-12-2017,1,12,17,0
TQWL,33,SL,18-12-2017,2,12,18,0
TQWL,11,3A,19-12-2017,3,12,19,0
TQWL,48,SL,19-12-2017,3,12,19,0
TQWL,23,SL,18-12-2017,2,12,18,0
TQWL,1,2A,20-12-2017,4,12,20,0
TQWL,1,3A,20-12-2017,4,12,20,1
TQWL,28,3A,20-12-2017,4,12,20,0
TQWL,55,SL,19-12-2017,3,12,19,0
TQWL,15,3A,20-12-2017,4,12,20,0
TQWL,12,3A,21-12-2017,5,12,21,0
TQWL,23,3A,20-12-2017,4,12,20,1
TQWL,41,3A,20-12-2017,4,12,20,0
TQWL,47,SL,20-12-2017,4,12,20,0
TQWL,93,SL,20-12-2017,4,12,20,0
TQWL,68,SL,20-12-2017,4,12,20,0
TQWL,46,SL,20-12-2017,4,12,20,1
TQWL,3,SL,21-12-2017,5,12,21,0
TQWL,54,SL,20-12-2017,4,12,20,0
TQWL,15,3A,21-12-2017,5,12,21,0
TQWL,4,2A,21-12-2017,5,12,21,0
TQWL,106,SL,21-12-2017,5,12,21,0
TQWL,108,SL,21-12-2017,5,12,21,0
TQWL,50,SL,22-12-2017,6,12,22,1
TQWL,103,SL,21-12-2017,5,12,21,0
TQWL,75,SL,21-12-2017,5,12,21,0
TQWL,31,SL,21-12-2017,5,12,21,0
TQWL,13,SL,22-12-2017,6,12,22,1
TQWL,6,SL,21-12-2017,5,12,21,0
TQWL,55,3A,22-12-2017,6,12,22,0
TQWL,39,3A,22-12-2017,6,12,22,0
TQWL,11,SL,28-03-2018,4,3,28,0
TQWL,31,SL,28-03-2018,4,3,28,0
TQWL,24,3A,29-03-2018,5,3,29,0
TQWL,16,3A,29-03-2018,5,3,29,0
TQWL,7,SL,29-03-2018,5,3,29,0
TQWL,124,SL,29-03-2018,5,3,29,0
TQWL,3,3A,29-03-2018,5,3,29,0
TQWL,43,SL,29-03-2018,5,3,29,0
TQWL,26,3A,30-03-2018,6,3,30,0
TQWL,31,SL,30-03-2018,6,3,30,0
TQWL,54,SL,30-03-2018,6,3,30,0
TQWL,4,3A,31-03-2018,7,3,31,0
TQWL,4,SL,1/4/2018,1,4,1,0
TQWL,1,2A,31-03-2018,7,3,31,0
TQWL,5,SL,31-03-2018,7,3,31,0
TQWL,3,SL,1/4/2018,1,4,1,1
TQWL,4,SL,2/4/2018,2,4,2,1
TQWL,28,SL,1/4/2018,1,4,1,0
TQWL,18,SL,2/4/2018,2,4,2,1
TQWL,15,SL,1/4/2018,1,4,1,0
TQWL,2,3A,1/4/2018,1,4,1,0
TQWL,6,SL,1/4/2018,1,4,1,0
TQWL,32,SL,1/4/2018,1,4,1,0
TQWL,4,3A,2/4/2018,2,4,2,0
TQWL,1,2A,1/4/2018,1,4,1,0
TQWL,8,3A,3/4/2018,3,4,3,0
TQWL,41,SL,3/4/2018,3,4,3,0
TQWL,65,SL,3/4/2018,3,4,3,0
TQWL,14,SL,3/4/2018,3,4,3,0
TQWL,7,3A,3/4/2018,3,4,3,0
TQWL,2,2A,3/4/2018,3,4,3,0
TQWL,76,SL,3/4/2018,3,4,3,0
TQWL,11,3A,19-04-2018,5,4,19,0
TQWL,8,SL,20-04-2018,6,4,20,1
TQWL,16,3A,20-04-2018,6,4,20,0
TQWL,43,SL,20-04-2018,6,4,20,1
TQWL,38,SL,20-04-2018,6,4,20,0
TQWL,58,SL,20-04-2018,6,4,20,0
TQWL,1,2A,20-04-2018,6,4,20,0
TQWL,41,SL,20-04-2018,6,4,20,0
TQWL,77,SL,20-04-2018,6,4,20,0
TQWL,37,SL,19-04-2018,5,4,19,0
TQWL,67,SL,20-04-2018,6,4,20,0
TQWL,25,3A,20-04-2018,6,4,20,0
TQWL,56,SL,20-04-2018,6,4,20,0
TQWL,33,3A,20-04-2018,6,4,20,0
TQWL,107,SL,20-04-2018,6,4,20,1
TQWL,88,SL,20-04-2018,6,4,20,0
TQWL,30,3A,22-04-2018,1,4,22,0
TQWL,17,SL,21-04-2018,7,4,21,0
TQWL,69,SL,20-04-2018,6,4,20,0
TQWL,61,SL,21-04-2018,7,4,21,0
TQWL,1,SL,22-04-2018,1,4,22,0
TQWL,68,SL,21-04-2018,7,4,21,0
TQWL,87,SL,21-04-2018,7,4,21,0
TQWL,92,SL,21-04-2018,7,4,21,0
TQWL,11,SL,22-04-2018,1,4,22,0
TQWL,34,3A,21-04-2018,7,4,21,0
TQWL,16,SL,22-04-2018,1,4,22,0
TQWL,67,SL,22-04-2018,1,4,22,1
TQWL,70,SL,22-04-2018,1,4,22,0
TQWL,66,SL,22-04-2018,1,4,22,0
TQWL,19,3A,22-04-2018,1,4,22,0
TQWL,24,3A,21-04-2018,7,4,21,0
TQWL,2,3A,23-04-2018,2,4,23,0
TQWL,6,SL,23-04-2018,2,4,23,1
TQWL,29,3A,22-04-2018,1,4,22,0
TQWL,20,3A,22-04-2018,1,4,22,0
TQWL,1,3A,23-04-2018,2,4,23,0
TQWL,13,SL,23-04-2018,2,4,23,0
TQWL,111,SL,22-04-2018,1,4,22,0
TQWL,7,2A,22-04-2018,1,4,22,0
TQWL,20,3A,23-04-2018,2,4,23,0
TQWL,38,SL,23-04-2018,2,4,23,0
TQWL,1,2A,22-04-2018,1,4,22,0
TQWL,32,SL,23-04-2018,2,4,23,0
TQWL,25,3A,23-04-2018,2,4,23,0
TQWL,44,SL,23-04-2018,2,4,23,0
TQWL,2,3A,24-04-2018,3,4,24,0
TQWL,10,3A,24-04-2018,3,4,24,0
TQWL,21,3A,24-04-2018,3,4,24,0
TQWL,2,SL,25-04-2018,4,4,25,0
TQWL,84,SL,23-04-2018,2,4,23,0
TQWL,48,SL,24-04-2018,3,4,24,0
TQWL,58,SL,24-04-2018,3,4,24,0
TQWL,3,3A,24-04-2018,3,4,24,1
TQWL,49,SL,24-04-2018,3,4,24,0
TQWL,21,SL,24-04-2018,3,4,24,0
TQWL,44,SL,24-04-2018,3,4,24,0
TQWL,30,3A,25-04-2018,4,4,25,0
TQWL,88,SL,25-04-2018,4,4,25,0
TQWL,17,SL,26-04-2018,5,4,26,0
TQWL,67,SL,24-04-2018,3,4,24,0
TQWL,4,SL,25-04-2018,4,4,25,0
TQWL,10,SL,24-04-2018,3,4,24,1
TQWL,6,SL,24-04-2018,3,4,24,1
TQWL,45,3A,22-12-2017,6,12,22,0
TQWL,3,SL,22-12-2017,6,12,22,1
TQWL,112,SL,22-12-2017,6,12,22,0
TQWL,14,SL,22-12-2017,6,12,22,0
TQWL,120,SL,22-12-2017,6,12,22,0
TQWL,38,3A,21-12-2017,5,12,21,0
TQWL,86,SL,22-12-2017,6,12,22,0
TQWL,20,SL,22-12-2017,6,12,22,1
TQWL,10,SL,22-12-2017,6,12,22,0
TQWL,69,3A,22-12-2017,6,12,22,0
TQWL,2,3A,23-12-2017,7,12,23,1
TQWL,36,3A,22-12-2017,6,12,22,0
TQWL,95,SL,22-12-2017,6,12,22,0
TQWL,10,SL,23-12-2017,7,12,23,1
TQWL,14,SL,23-12-2017,7,12,23,1
TQWL,35,SL,22-12-2017,6,12,22,0
TQWL,77,SL,23-12-2017,7,12,23,0
TQWL,37,SL,23-12-2017,7,12,23,0
TQWL,11,3A,23-12-2017,7,12,23,0
TQWL,47,3A,23-12-2017,7,12,23,1
TQWL,32,SL,23-12-2017,7,12,23,0
TQWL,45,SL,24-12-2017,1,12,24,0
TQWL,123,SL,24-12-2017,1,12,24,0
TQWL,1,SL,25-12-2017,2,12,25,0
TQWL,97,SL,23-12-2017,7,12,23,0
TQWL,10,2A,24-12-2017,1,12,24,0
TQWL,8,SL,24-12-2017,1,12,24,1
TQWL,21,SL,24-12-2017,1,12,24,0
TQWL,8,SL,25-12-2017,2,12,25,0
TQWL,10,3A,25-12-2017,2,12,25,0
TQWL,12,SL,25-12-2017,2,12,25,0
TQWL,37,SL,25-12-2017,2,12,25,0
TQWL,32,3A,25-12-2017,2,12,25,0
TQWL,53,SL,25-12-2017,2,12,25,0
TQWL,16,SL,25-12-2017,2,12,25,0
TQWL,47,SL,25-12-2017,2,12,25,1
TQWL,38,SL,25-12-2017,2,12,25,0
TQWL,13,3A,25-12-2017,2,12,25,0
TQWL,19,3A,27-12-2017,4,12,27,0
TQWL,10,3A,29-12-2017,6,12,29,0
TQWL,2,2A,28-12-2017,5,12,28,1
TQWL,61,SL,28-12-2017,5,12,28,0
TQWL,12,SL,28-12-2017,5,12,28,0
TQWL,99,SL,29-12-2017,6,12,29,0
TQWL,1,3A,29-12-2017,6,12,29,0
TQWL,123,SL,29-12-2017,6,12,29,0
TQWL,52,SL,29-12-2017,6,12,29,0
TQWL,104,SL,29-12-2017,6,12,29,0
TQWL,14,SL,30-12-2017,7,12,30,0
TQWL,19,SL,29-12-2017,6,12,29,1
TQWL,3,3A,30-12-2017,7,12,30,1
TQWL,6,SL,30-12-2017,7,12,30,0
TQWL,34,SL,30-12-2017,7,12,30,0
TQWL,57,SL,3/5/2018,5,5,3,0
TQWL,45,SL,3/5/2018,5,5,3,0
TQWL,52,SL,3/5/2018,5,5,3,1
TQWL,5,SL,3/5/2018,5,5,3,1
TQWL,21,SL,3/5/2018,5,5,3,0
TQWL,16,SL,3/5/2018,5,5,3,1
TQWL,5,2A,3/5/2018,5,5,3,0
TQWL,7,2A,3/5/2018,5,5,3,0
TQWL,56,SL,3/5/2018,5,5,3,1
TQWL,3,2A,4/5/2018,6,5,4,0
TQWL,1,3A,4/5/2018,6,5,4,1
TQWL,6,2A,4/5/2018,6,5,4,0
TQWL,6,SL,5/5/2018,7,5,5,1
TQWL,48,3A,4/5/2018,6,5,4,0
TQWL,88,SL,4/5/2018,6,5,4,0
TQWL,9,3A,3/5/2018,5,5,3,0
TQWL,16,SL,4/5/2018,6,5,4,1
TQWL,60,SL,4/5/2018,6,5,4,0
TQWL,67,SL,4/5/2018,6,5,4,0
TQWL,19,3A,3/5/2018,5,5,3,0
TQWL,2,SL,5/5/2018,7,5,5,1
TQWL,4,SL,4/5/2018,6,5,4,1
TQWL,10,SL,4/5/2018,6,5,4,1
TQWL,3,3A,5/5/2018,7,5,5,1
TQWL,1,SL,4/5/2018,6,5,4,1
TQWL,10,SL,5/5/2018,7,5,5,1
TQWL,4,SL,4/5/2018,6,5,4,0
TQWL,6,SL,4/5/2018,6,5,4,0
TQWL,31,3A,4/5/2018,6,5,4,0
TQWL,2,3A,5/5/2018,7,5,5,0
TQWL,5,2A,5/5/2018,7,5,5,0
TQWL,17,3A,5/5/2018,7,5,5,0
TQWL,30,SL,5/5/2018,7,5,5,0
TQWL,34,SL,5/5/2018,7,5,5,0
TQWL,3,SL,6/5/2018,1,5,6,0
TQWL,32,SL,5/5/2018,7,5,5,0
TQWL,1,SL,5/5/2018,7,5,5,1
TQWL,36,SL,5/5/2018,7,5,5,1
TQWL,14,SL,5/5/2018,7,5,5,1
TQWL,18,3A,5/5/2018,7,5,5,0
TQWL,12,3A,5/5/2018,7,5,5,0
TQWL,14,SL,6/5/2018,1,5,6,0
TQWL,3,SL,25-04-2018,4,4,25,1
TQWL,26,SL,25-04-2018,4,4,25,0
TQWL,24,3A,26-04-2018,5,4,26,0
TQWL,6,2A,26-04-2018,5,4,26,0
TQWL,25,3A,26-04-2018,5,4,26,0
TQWL,71,SL,27-04-2018,6,4,27,0
TQWL,59,SL,26-04-2018,5,4,26,0
TQWL,48,SL,26-04-2018,5,4,26,0
TQWL,64,SL,26-04-2018,5,4,26,0
TQWL,4,SL,27-04-2018,6,4,27,0
TQWL,23,3A,25-04-2018,4,4,25,0
TQWL,41,3A,26-04-2018,5,4,26,0
TQWL,14,3A,27-04-2018,6,4,27,0
TQWL,4,2A,27-04-2018,6,4,27,0
TQWL,50,3A,27-04-2018,6,4,27,0
TQWL,2,2A,27-04-2018,6,4,27,0
TQWL,18,SL,27-04-2018,6,4,27,0
TQWL,76,SL,27-04-2018,6,4,27,0
TQWL,52,SL,27-04-2018,6,4,27,0
TQWL,65,SL,27-04-2018,6,4,27,1
TQWL,17,SL,28-04-2018,7,4,28,1
TQWL,3,SL,28-04-2018,7,4,28,1
TQWL,3,3A,29-04-2018,1,4,29,1
TQWL,35,3A,29-04-2018,1,4,29,0
TQWL,6,SL,30-04-2018,2,4,30,0
TQWL,24,3A,29-04-2018,1,4,29,0
TQWL,90,SL,29-04-2018,1,4,29,0
TQWL,1,SL,30-04-2018,2,4,30,0
TQWL,29,3A,29-04-2018,1,4,29,0
TQWL,9,2A,29-04-2018,1,4,29,0
TQWL,18,SL,29-04-2018,1,4,29,1
TQWL,4,SL,29-04-2018,1,4,29,0
TQWL,1,3A,29-04-2018,1,4,29,1
TQWL,36,SL,29-04-2018,1,4,29,0
TQWL,11,SL,29-04-2018,1,4,29,0
TQWL,11,3A,30-04-2018,2,4,30,0
TQWL,10,3A,30-04-2018,2,4,30,0
TQWL,61,SL,30-04-2018,2,4,30,1
TQWL,42,SL,30-04-2018,2,4,30,0
TQWL,18,SL,30-04-2018,2,4,30,0
TQWL,17,SL,30-04-2018,2,4,30,0
TQWL,72,SL,29-04-2018,1,4,29,0
TQWL,17,3A,29-04-2018,1,4,29,0
TQWL,41,3A,29-04-2018,1,4,29,0
TQWL,92,SL,29-04-2018,1,4,29,1
TQWL,47,SL,30-04-2018,2,4,30,0
TQWL,4,SL,30-04-2018,2,4,30,0
TQWL,9,3A,1/5/2018,3,5,1,0
TQWL,21,SL,1/5/2018,3,5,1,0
TQWL,1,3A,1/5/2018,3,5,1,0
TQWL,20,SL,2/5/2018,4,5,2,0
TQWL,13,3A,2/5/2018,4,5,2,0
TQWL,4,3A,2/5/2018,4,5,2,0
TQWL,13,SL,2/5/2018,4,5,2,0
TQWL,52,SL,2/5/2018,4,5,2,0
TQWL,5,SL,2/5/2018,4,5,2,0
TQWL,33,SL,2/5/2018,4,5,2,0
TQWL,50,SL,1/5/2018,3,5,1,0
TQWL,55,SL,2/5/2018,4,5,2,0
TQWL,6,SL,2/5/2018,4,5,2,0
TQWL,37,SL,2/5/2018,4,5,2,0
TQWL,1,3A,17-06-2018,1,6,17,0
TQWL,2,SL,17-06-2018,1,6,17,0
TQWL,30,3A,17-06-2018,1,6,17,0
TQWL,29,3A,17-06-2018,1,6,17,0
TQWL,6,SL,17-06-2018,1,6,17,0
TQWL,88,SL,17-06-2018,1,6,17,0
TQWL,34,3A,17-06-2018,1,6,17,0
TQWL,19,SL,17-06-2018,1,6,17,1
TQWL,27,3A,17-06-2018,1,6,17,0
TQWL,85,SL,17-06-2018,1,6,17,0
TQWL,15,3A,18-06-2018,2,6,18,0
TQWL,13,3A,18-06-2018,2,6,18,0
TQWL,15,SL,20-06-2018,4,6,20,0
TQWL,1,SL,21-06-2018,5,6,21,0
TQWL,86,SL,21-06-2018,5,6,21,0
TQWL,42,SL,21-06-2018,5,6,21,0
TQWL,6,2A,20-06-2018,4,6,20,1
TQWL,1,SL,22-06-2018,6,6,22,0
TQWL,90,SL,21-06-2018,5,6,21,0
TQWL,2,SL,21-06-2018,5,6,21,1
TQWL,60,SL,22-06-2018,6,6,22,0
TQWL,77,SL,22-06-2018,6,6,22,0
TQWL,72,SL,22-06-2018,6,6,22,0
TQWL,23,3A,22-06-2018,6,6,22,0
TQWL,91,SL,22-06-2018,6,6,22,0
TQWL,13,SL,23-06-2018,7,6,23,0
TQWL,25,3A,22-06-2018,6,6,22,0
TQWL,74,SL,22-06-2018,6,6,22,0
TQWL,47,SL,23-06-2018,7,6,23,0
TQWL,100,SL,22-06-2018,6,6,22,0
TQWL,2,2A,23-06-2018,7,6,23,0
TQWL,55,SL,23-06-2018,7,6,23,0
TQWL,1,2A,24-06-2018,1,6,24,1
TQWL,2,SL,26-06-2018,3,6,26,0
TQWL,6,SL,25-06-2018,2,6,25,1
TQWL,4,2A,6/5/2018,1,5,6,0
TQWL,1,3A,6/5/2018,1,5,6,0
TQWL,35,SL,6/5/2018,1,5,6,0
TQWL,20,SL,6/5/2018,1,5,6,0
TQWL,4,SL,6/5/2018,1,5,6,0
TQWL,54,SL,6/5/2018,1,5,6,0
TQWL,52,SL,6/5/2018,1,5,6,0
TQWL,7,SL,8/5/2018,3,5,8,0
TQWL,53,SL,7/5/2018,2,5,7,0
TQWL,33,SL,7/5/2018,2,5,7,0
TQWL,47,SL,7/5/2018,2,5,7,0
TQWL,1,SL,7/5/2018,2,5,7,0
TQWL,55,SL,7/5/2018,2,5,7,0
TQWL,59,SL,7/5/2018,2,5,7,0
TQWL,7,3A,8/5/2018,3,5,8,1
TQWL,61,SL,7/5/2018,2,5,7,0
TQWL,54,SL,7/5/2018,2,5,7,0
TQWL,12,SL,10/5/2018,5,5,10,0
TQWL,6,SL,10/5/2018,5,5,10,0
TQWL,15,3A,10/5/2018,5,5,10,0
TQWL,29,SL,10/5/2018,5,5,10,0
TQWL,13,SL,11/5/2018,6,5,11,0
TQWL,14,SL,11/5/2018,6,5,11,1
TQWL,3,SL,11/5/2018,6,5,11,0
TQWL,11,SL,10/5/2018,5,5,10,1
TQWL,10,SL,10/5/2018,5,5,10,1
TQWL,8,3A,11/5/2018,6,5,11,0
TQWL,1,2A,11/5/2018,6,5,11,0
TQWL,52,SL,11/5/2018,6,5,11,0
TQWL,13,SL,11/5/2018,6,5,11,1
TQWL,95,SL,11/5/2018,6,5,11,0
TQWL,27,SL,11/5/2018,6,5,11,0
TQWL,55,SL,11/5/2018,6,5,11,0
TQWL,21,3A,11/5/2018,6,5,11,0
TQWL,9,SL,13-05-2018,1,5,13,0
TQWL,44,SL,12/5/2018,7,5,12,0
TQWL,32,SL,13-05-2018,1,5,13,0
TQWL,112,SL,11/5/2018,6,5,11,0
TQWL,15,3A,11/5/2018,6,5,11,0
TQWL,117,SL,11/5/2018,6,5,11,0
TQWL,1,3A,12/5/2018,7,5,12,0
TQWL,27,3A,12/5/2018,7,5,12,0
TQWL,1,3A,14-05-2018,2,5,14,1
TQWL,2,SL,13-05-2018,1,5,13,1
TQWL,34,SL,13-05-2018,1,5,13,0
TQWL,40,SL,13-05-2018,1,5,13,0
TQWL,12,SL,13-05-2018,1,5,13,0
TQWL,11,SL,14-05-2018,2,5,14,0
TQWL,10,SL,13-05-2018,1,5,13,0
TQWL,25,SL,13-05-2018,1,5,13,0
TQWL,7,3A,14-05-2018,2,5,14,0
TQWL,3,3A,15-05-2018,3,5,15,0
TQWL,3,3A,13-05-2018,1,5,13,0
TQWL,1,SL,15-05-2018,3,5,15,1
TQWL,8,2A,14-05-2018,2,5,14,0
TQWL,3,3A,15-05-2018,3,5,15,1
TQWL,9,3A,15-05-2018,3,5,15,1
TQWL,4,3A,26-06-2018,3,6,26,0
TQWL,3,3A,26-06-2018,3,6,26,1
TQWL,1,3A,26-06-2018,3,6,26,0
TQWL,1,SL,27-06-2018,4,6,27,0
TQWL,53,SL,27-06-2018,4,6,27,0
TQWL,25,SL,26-06-2018,3,6,26,0
TQWL,2,3A,27-06-2018,4,6,27,1
TQWL,6,3A,28-06-2018,5,6,28,0
TQWL,39,SL,28-06-2018,5,6,28,0
TQWL,35,SL,28-06-2018,5,6,28,0
TQWL,52,SL,28-06-2018,5,6,28,0
TQWL,1,3A,29-06-2018,6,6,29,1
TQWL,12,SL,28-06-2018,5,6,28,0
TQWL,2,2A,29-06-2018,6,6,29,1
TQWL,40,SL,30-06-2018,7,6,30,1
TQWL,47,SL,30-06-2018,7,6,30,0
TQWL,53,SL,30-06-2018,7,6,30,0
TQWL,60,SL,30-06-2018,7,6,30,0
TQWL,1,3A,30-06-2018,7,6,30,0
TQWL,36,SL,29-06-2018,6,6,29,0
TQWL,27,3A,29-06-2018,6,6,29,0
TQWL,3,SL,1/7/2018,1,7,1,0
TQWL,6,SL,30-06-2018,7,6,30,1
TQWL,4,SL,30-06-2018,7,6,30,0
TQWL,5,SL,2/7/2018,2,7,2,0
TQWL,56,SL,2/7/2018,2,7,2,0
TQWL,54,SL,2/7/2018,2,7,2,0
TQWL,1,SL,1/7/2018,1,7,1,1
TQWL,2,3A,3/7/2018,3,7,3,0
TQWL,19,SL,3/7/2018,3,7,3,0
TQWL,21,SL,2/7/2018,2,7,2,0
TQWL,9,SL,3/7/2018,3,7,3,0
WL,15,3A,3/12/2016,7,12,3,1
WL,6,3A,3/12/2016,7,12,3,1
WL,41,SL,4/12/2016,1,12,4,0
WL,4,3A,6/12/2016,3,12,6,1
WL,17,3A,8/12/2016,5,12,8,1
WL,3,SL,5/3/2017,1,3,5,0
WL,42,SL,4/3/2017,7,3,4,0
WL,28,3A,5/3/2017,1,3,5,0
WL,32,SL,5/3/2017,1,3,5,0
WL,27,SL,5/3/2017,1,3,5,0
WL,13,SL,5/3/2017,1,3,5,0
WL,3,3A,5/3/2017,1,3,5,1
WL,8,3A,6/3/2017,2,3,6,0
WL,61,SL,6/3/2017,2,3,6,0
WL,3,SL,7/3/2017,3,3,7,0
WL,80,SL,6/3/2017,2,3,6,0
WL,42,SL,6/3/2017,2,3,6,0
WL,7,SL,6/3/2017,2,3,6,0
WL,9,3A,6/3/2017,2,3,6,0
WL,10,3A,6/3/2017,2,3,6,0
WL,55,SL,6/3/2017,2,3,6,0
WL,60,SL,7/3/2017,3,3,7,0
WL,101,SL,6/3/2017,2,3,6,1
WL,27,SL,8/3/2017,4,3,8,0
WL,43,SL,8/3/2017,4,3,8,0
WL,37,SL,8/3/2017,4,3,8,0
WL,86,SL,8/3/2017,4,3,8,0
WL,61,SL,8/3/2017,4,3,8,0
WL,21,SL,7/3/2017,3,3,7,0
WL,14,SL,8/3/2017,4,3,8,1
WL,27,3A,8/3/2017,4,3,8,1
WL,6,SL,8/3/2017,4,3,8,1
WL,1,SL,9/3/2017,5,3,9,0
WL,42,3A,8/3/2017,4,3,8,0
WL,43,3A,8/3/2017,4,3,8,0
WL,6,3A,9/3/2017,5,3,9,0
WL,90,SL,9/3/2017,5,3,9,1
WL,98,SL,8/3/2017,4,3,8,0
WL,35,SL,9/3/2017,5,3,9,0
WL,11,SL,9/3/2017,5,3,9,0
WL,21,SL,9/3/2017,5,3,9,0
WL,9,SL,10/3/2017,6,3,10,0
WL,81,SL,9/3/2017,5,3,9,0
WL,11,SL,10/3/2017,6,3,10,1
WL,2,SL,9/3/2017,5,3,9,0
WL,29,SL,9/3/2017,5,3,9,0
WL,18,3A,10/3/2017,6,3,10,1
WL,1,2A,11/3/2017,7,3,11,0
WL,39,SL,11/3/2017,7,3,11,0
WL,72,SL,11/3/2017,7,3,11,0
WL,6,SL,11/3/2017,7,3,11,0
WL,7,SL,11/3/2017,7,3,11,0
WL,1,3A,12/3/2017,1,3,12,0
WL,3,SL,11/3/2017,7,3,11,0
WL,10,SL,11/3/2017,7,3,11,1
WL,22,SL,12/3/2017,1,3,12,0
WL,4,SL,13-03-2017,2,3,13,0
WL,39,SL,12/3/2017,1,3,12,0
WL,8,SL,12/3/2017,1,3,12,0
WL,12,SL,12/3/2017,1,3,12,0
WL,67,SL,12/3/2017,1,3,12,0
WL,9,3A,13-03-2017,2,3,13,1
WL,31,SL,13-03-2017,2,3,13,0
WL,23,SL,13-03-2017,2,3,13,0
WL,59,SL,13-03-2017,2,3,13,0
WL,13,3A,14-03-2017,3,3,14,1
WL,20,3A,14-03-2017,3,3,14,1
WL,3,SL,15-03-2017,4,3,15,0
WL,41,SL,14-03-2017,3,3,14,0
WL,40,SL,14-03-2017,3,3,14,1
WL,58,SL,15-03-2017,4,3,15,0
WL,36,SL,15-03-2017,4,3,15,0
WL,8,3A,14-03-2017,3,3,14,1
WL,10,SL,15-03-2017,4,3,15,1
WL,17,3A,15-03-2017,4,3,15,0
WL,8,SL,15-03-2017,4,3,15,0
WL,6,SL,15-03-2017,4,3,15,0
WL,2,3A,17-03-2017,6,3,17,0
WL,45,SL,16-03-2017,5,3,16,1
WL,43,SL,17-03-2017,6,3,17,0
WL,47,SL,17-03-2017,6,3,17,0
WL,83,SL,17-03-2017,6,3,17,0
WL,15,SL,18-03-2017,7,3,18,0
WL,6,SL,17-03-2017,6,3,17,0
WL,42,SL,17-03-2017,6,3,17,0
WL,44,SL,17-03-2017,6,3,17,0
WL,5,SL,17-03-2017,6,3,17,0
WL,7,3A,19-03-2017,1,3,19,1
WL,2,SL,20-03-2017,2,3,20,0
WL,17,SL,19-03-2017,1,3,19,0
WL,36,SL,19-03-2017,1,3,19,0
WL,4,SL,19-03-2017,1,3,19,0
WL,3,SL,20-03-2017,2,3,20,1
WL,3,2A,19-03-2017,1,3,19,0
WL,38,SL,19-03-2017,1,3,19,0
WL,1,SL,20-03-2017,2,3,20,1
WL,39,SL,20-03-2017,2,3,20,1
WL,5,SL,20-03-2017,2,3,20,0
WL,9,SL,21-03-2017,3,3,21,0
WL,27,SL,20-03-2017,2,3,20,0
WL,11,SL,21-03-2017,3,3,21,1
WL,1,3A,21-03-2017,3,3,21,0
WL,19,3A,21-03-2017,3,3,21,1
WL,59,SL,22-03-2017,4,3,22,0
WL,2,SL,22-03-2017,4,3,22,1
WL,25,SL,22-03-2017,4,3,22,0
WL,60,SL,22-03-2017,4,3,22,0
WL,5,3A,23-03-2017,5,3,23,1
WL,3,3A,22-03-2017,4,3,22,0
WL,1,SL,23-03-2017,5,3,23,0
WL,57,SL,23-03-2017,5,3,23,0
WL,9,SL,24-03-2017,6,3,24,0
WL,2,SL,23-03-2017,5,3,23,0
WL,12,3A,24-03-2017,6,3,24,0
WL,39,SL,24-03-2017,6,3,24,0
WL,20,SL,24-03-2017,6,3,24,1
WL,75,SL,24-03-2017,6,3,24,0
WL,5,3A,24-03-2017,6,3,24,0
WL,52,SL,24-03-2017,6,3,24,0
WL,4,SL,24-03-2017,6,3,24,0
WL,22,SL,24-03-2017,6,3,24,1
WL,14,3A,24-03-2017,6,3,24,0
WL,13,3A,25-03-2017,7,3,25,0
WL,7,SL,24-03-2017,6,3,24,1
WL,100,SL,25-03-2017,7,3,25,0
WL,48,SL,25-03-2017,7,3,25,0
WL,81,SL,24-03-2017,6,3,24,0
WL,15,3A,25-03-2017,7,3,25,0
WL,70,SL,25-03-2017,7,3,25,0
WL,49,SL,25-03-2017,7,3,25,0
WL,35,3A,26-03-2017,1,3,26,0
WL,30,SL,27-03-2017,2,3,27,1
WL,36,SL,26-03-2017,1,3,26,0
WL,39,SL,26-03-2017,1,3,26,0
WL,33,SL,27-03-2017,2,3,27,0
WL,27,3A,26-03-2017,1,3,26,0
WL,1,3A,27-03-2017,2,3,27,0
WL,81,SL,28-03-2017,3,3,28,0
WL,28,SL,28-03-2017,3,3,28,0
WL,21,3A,28-03-2017,3,3,28,0
WL,18,SL,28-03-2017,3,3,28,0
TQWL,14,SL,8/7/2017,7,7,8,0
TQWL,21,3A,7/7/2017,6,7,7,0
TQWL,17,3A,7/7/2017,6,7,7,0
TQWL,19,SL,11/7/2017,3,7,11,0
TQWL,39,SL,13-07-2017,5,7,13,0
TQWL,13,3A,13-07-2017,5,7,13,0
TQWL,3,SL,13-07-2017,5,7,13,1
TQWL,7,SL,13-07-2017,5,7,13,1
TQWL,67,SL,13-07-2017,5,7,13,0
TQWL,6,SL,13-07-2017,5,7,13,1
TQWL,12,3A,14-07-2017,6,7,14,0
TQWL,107,SL,14-07-2017,6,7,14,0
TQWL,26,SL,14-07-2017,6,7,14,1
TQWL,53,SL,14-07-2017,6,7,14,0
TQWL,2,SL,14-07-2017,6,7,14,1
TQWL,34,SL,17-07-2017,2,7,17,1
TQWL,2,SL,17-07-2017,2,7,17,1
TQWL,1,3A,17-07-2017,2,7,17,0
TQWL,46,SL,17-07-2017,2,7,17,0
TQWL,33,SL,17-07-2017,2,7,17,0
TQWL,1,3A,18-07-2017,3,7,18,1
TQWL,13,3A,18-07-2017,3,7,18,0
TQWL,26,3A,17-07-2017,2,7,17,0
TQWL,10,SL,18-07-2017,3,7,18,0
TQWL,5,SL,18-07-2017,3,7,18,0
TQWL,34,SL,18-07-2017,3,7,18,0
TQWL,5,3A,19-07-2017,4,7,19,1
TQWL,11,3A,19-07-2017,4,7,19,0
TQWL,17,SL,19-07-2017,4,7,19,0
TQWL,41,SL,19-07-2017,4,7,19,0
TQWL,11,SL,19-07-2017,4,7,19,1
TQWL,8,3A,20-07-2017,5,7,20,0
TQWL,38,SL,20-07-2017,5,7,20,0
TQWL,54,SL,20-07-2017,5,7,20,1
TQWL,3,SL,20-07-2017,5,7,20,1
TQWL,4,SL,21-07-2017,6,7,21,1
TQWL,14,3A,21-07-2017,6,7,21,0
TQWL,9,3A,21-07-2017,6,7,21,0
TQWL,74,SL,21-07-2017,6,7,21,0
TQWL,21,SL,21-07-2017,6,7,21,0
TQWL,1,3A,21-07-2017,6,7,21,1
TQWL,8,SL,22-07-2017,7,7,22,0
TQWL,49,SL,21-07-2017,6,7,21,0
TQWL,6,3A,21-07-2017,6,7,21,0
TQWL,7,3A,20-07-2017,5,7,20,1
TQWL,29,3A,21-07-2017,6,7,21,0
TQWL,47,SL,21-07-2017,6,7,21,0
TQWL,5,2A,22-07-2017,7,7,22,0
TQWL,5,3A,22-07-2017,7,7,22,0
TQWL,11,SL,22-07-2017,7,7,22,1
TQWL,4,3A,22-07-2017,7,7,22,1
TQWL,89,SL,21-07-2017,6,7,21,0
TQWL,30,3A,21-07-2017,6,7,21,0
TQWL,37,SL,21-07-2017,6,7,21,0
TQWL,2,3A,22-07-2017,7,7,22,0
TQWL,38,SL,22-07-2017,7,7,22,0
TQWL,2,3A,24-07-2017,2,7,24,1
TQWL,12,3A,24-07-2017,2,7,24,0
TQWL,43,SL,24-07-2017,2,7,24,0
TQWL,36,SL,24-07-2017,2,7,24,0
TQWL,1,3A,24-07-2017,2,7,24,0
TQWL,23,SL,25-07-2017,3,7,25,0
TQWL,16,3A,25-07-2017,3,7,25,0
TQWL,26,SL,25-07-2017,3,7,25,1
TQWL,29,SL,26-07-2017,4,7,26,0
TQWL,32,SL,26-07-2017,4,7,26,0
TQWL,112,SL,26-07-2017,4,7,26,0
TQWL,2,SL,27-07-2017,5,7,27,1
TQWL,34,SL,27-07-2017,5,7,27,0
TQWL,74,SL,27-07-2017,5,7,27,0
TQWL,104,SL,27-07-2017,5,7,27,0
TQWL,5,2A,27-07-2017,5,7,27,0
TQWL,11,SL,27-07-2017,5,7,27,0
TQWL,87,SL,27-07-2017,5,7,27,0
TQWL,26,3A,28-07-2017,6,7,28,0
TQWL,76,SL,28-07-2017,6,7,28,0
TQWL,85,SL,28-07-2017,6,7,28,0
TQWL,103,SL,28-07-2017,6,7,28,0
TQWL,18,3A,28-07-2017,6,7,28,0
TQWL,64,SL,27-07-2017,5,7,27,0
TQWL,61,SL,28-07-2017,6,7,28,0
TQWL,3,2A,27-07-2017,5,7,27,0
TQWL,52,SL,28-07-2017,6,7,28,0
TQWL,36,SL,28-07-2017,6,7,28,1
TQWL,81,SL,28-07-2017,6,7,28,0
TQWL,5,2A,28-07-2017,6,7,28,0
TQWL,42,SL,28-07-2017,6,7,28,0
TQWL,53,SL,28-07-2017,6,7,28,0
TQWL,16,3A,29-07-2017,7,7,29,0
TQWL,72,SL,28-07-2017,6,7,28,0
TQWL,2,3A,29-07-2017,7,7,29,0
TQWL,67,SL,29-07-2017,7,7,29,0
TQWL,52,SL,29-07-2017,7,7,29,0
TQWL,11,3A,29-07-2017,7,7,29,0
TQWL,30,SL,29-07-2017,7,7,29,0
TQWL,57,SL,30-07-2017,1,7,30,0
TQWL,44,SL,30-07-2017,1,7,30,0
TQWL,94,SL,30-07-2017,1,7,30,0
TQWL,74,SL,30-07-2017,1,7,30,0
TQWL,5,SL,30-07-2017,1,7,30,1
TQWL,71,SL,30-07-2017,1,7,30,0
TQWL,9,3A,30-07-2017,1,7,30,0
TQWL,87,SL,30-07-2017,1,7,30,0
TQWL,85,SL,30-07-2017,1,7,30,0
TQWL,62,SL,31-07-2017,2,7,31,0
TQWL,4,3A,1/8/2017,3,8,1,0
TQWL,6,SL,1/8/2017,3,8,1,1
TQWL,7,2A,31-07-2017,2,7,31,0
TQWL,61,SL,31-07-2017,2,7,31,0
TQWL,21,SL,1/8/2017,3,8,1,1
TQWL,48,SL,2/8/2017,4,8,2,0
TQWL,40,SL,1/8/2017,3,8,1,0
TQWL,15,SL,2/8/2017,4,8,2,0
TQWL,57,SL,2/8/2017,4,8,2,0
TQWL,6,3A,2/8/2017,4,8,2,1
TQWL,1,3A,2/8/2017,4,8,2,1
TQWL,10,SL,3/8/2017,5,8,3,1
TQWL,43,SL,4/8/2017,6,8,4,0
TQWL,36,SL,3/8/2017,5,8,3,0
TQWL,26,SL,3/8/2017,5,8,3,0
TQWL,25,SL,4/8/2017,6,8,4,0
TQWL,63,SL,4/8/2017,6,8,4,0
TQWL,4,3A,4/8/2017,6,8,4,0
TQWL,79,SL,4/8/2017,6,8,4,0
TQWL,9,3A,5/8/2017,7,8,5,0
TQWL,25,SL,5/8/2017,7,8,5,0
TQWL,1,3A,6/8/2017,1,8,6,0
TQWL,8,SL,5/8/2017,7,8,5,1
TQWL,23,SL,4/8/2017,6,8,4,0
TQWL,42,SL,5/8/2017,7,8,5,0
TQWL,5,SL,5/8/2017,7,8,5,1
TQWL,66,SL,6/8/2017,1,8,6,0
TQWL,48,SL,5/8/2017,7,8,5,0
TQWL,59,SL,6/8/2017,1,8,6,0
TQWL,10,3A,6/8/2017,1,8,6,0
TQWL,25,SL,6/8/2017,1,8,6,0
TQWL,2,2A,7/8/2017,2,8,7,0
TQWL,57,SL,6/8/2017,1,8,6,0
TQWL,62,SL,7/8/2017,2,8,7,0
TQWL,5,SL,7/8/2017,2,8,7,0
TQWL,11,3A,7/8/2017,2,8,7,1
TQWL,4,2A,8/8/2017,3,8,8,0
TQWL,17,SL,8/8/2017,3,8,8,0
TQWL,6,SL,8/8/2017,3,8,8,1
TQWL,112,SL,9/8/2017,4,8,9,0
TQWL,81,SL,9/8/2017,4,8,9,0
TQWL,102,SL,9/8/2017,4,8,9,0
TQWL,115,SL,9/8/2017,4,8,9,0
TQWL,34,SL,9/8/2017,4,8,9,0
TQWL,59,SL,9/8/2017,4,8,9,0
TQWL,1,SL,9/8/2017,4,8,9,0
TQWL,19,3A,9/8/2017,4,8,9,0
TQWL,9,3A,9/8/2017,4,8,9,0
TQWL,3,SL,10/8/2017,5,8,10,1
TQWL,70,SL,10/8/2017,5,8,10,0
TQWL,56,SL,10/8/2017,5,8,10,0
TQWL,34,SL,10/8/2017,5,8,10,0
TQWL,35,SL,10/8/2017,5,8,10,0
TQWL,19,SL,11/8/2017,6,8,11,0
TQWL,125,SL,11/8/2017,6,8,11,0
TQWL,93,SL,11/8/2017,6,8,11,0
TQWL,25,SL,11/8/2017,6,8,11,0
TQWL,9,3A,11/8/2017,6,8,11,0
TQWL,8,SL,12/8/2017,7,8,12,1
TQWL,107,SL,11/8/2017,6,8,11,0
TQWL,38,3A,11/8/2017,6,8,11,0
TQWL,31,SL,10/8/2017,5,8,10,0
TQWL,16,3A,11/8/2017,6,8,11,0
TQWL,3,SL,11/8/2017,6,8,11,0
TQWL,7,SL,11/8/2017,6,8,11,1
TQWL,12,SL,12/8/2017,7,8,12,1
TQWL,19,3A,12/8/2017,7,8,12,0
TQWL,53,SL,12/8/2017,7,8,12,0
TQWL,54,SL,12/8/2017,7,8,12,0
TQWL,82,SL,11/8/2017,6,8,11,0
TQWL,110,SL,11/8/2017,6,8,11,0
TQWL,5,2A,11/8/2017,6,8,11,0
TQWL,78,SL,12/8/2017,7,8,12,0
TQWL,80,SL,12/8/2017,7,8,12,0
TQWL,3,2A,13-08-2017,1,8,13,0
TQWL,1,SL,14-08-2017,2,8,14,1
TQWL,16,SL,13-08-2017,1,8,13,1
TQWL,25,SL,12/8/2017,7,8,12,0
TQWL,5,3A,14-08-2017,2,8,14,0
TQWL,44,SL,14-08-2017,2,8,14,0
TQWL,75,SL,13-08-2017,1,8,13,0
TQWL,92,SL,13-08-2017,1,8,13,0
TQWL,1,SL,14-08-2017,2,8,14,1
TQWL,1,3A,14-08-2017,2,8,14,0
TQWL,7,SL,15-08-2017,3,8,15,1
TQWL,28,3A,14-08-2017,2,8,14,0
TQWL,97,SL,14-08-2017,2,8,14,0
TQWL,114,SL,14-08-2017,2,8,14,0
TQWL,96,SL,14-08-2017,2,8,14,1
TQWL,120,SL,14-08-2017,2,8,14,0
TQWL,111,SL,14-08-2017,2,8,14,0
TQWL,1,3A,14-08-2017,2,8,14,1
TQWL,3,2A,15-08-2017,3,8,15,0
TQWL,6,3A,15-08-2017,3,8,15,1
TQWL,62,SL,16-08-2017,4,8,16,0
TQWL,3,SL,16-08-2017,4,8,16,1
TQWL,5,3A,16-08-2017,4,8,16,1
TQWL,72,SL,16-08-2017,4,8,16,0
TQWL,33,SL,16-08-2017,4,8,16,0
TQWL,2,2A,17-08-2017,5,8,17,0
TQWL,8,3A,17-08-2017,5,8,17,1
TQWL,25,SL,17-08-2017,5,8,17,0
TQWL,1,2A,16-08-2017,4,8,16,0
TQWL,11,SL,17-08-2017,5,8,17,0
TQWL,16,SL,17-08-2017,5,8,17,0
TQWL,17,3A,18-08-2017,6,8,18,0
TQWL,96,SL,18-08-2017,6,8,18,0
TQWL,2,SL,19-08-2017,7,8,19,0
TQWL,4,3A,19-08-2017,7,8,19,0
TQWL,94,SL,18-08-2017,6,8,18,0
TQWL,30,3A,18-08-2017,6,8,18,0
TQWL,110,SL,18-08-2017,6,8,18,0
TQWL,28,3A,18-08-2017,6,8,18,0
TQWL,115,SL,18-08-2017,6,8,18,0
TQWL,101,SL,19-08-2017,7,8,19,0
TQWL,81,SL,20-08-2017,1,8,20,0
TQWL,12,3A,20-08-2017,1,8,20,0
TQWL,119,SL,20-08-2017,1,8,20,0
TQWL,11,SL,20-08-2017,1,8,20,0
TQWL,103,SL,20-08-2017,1,8,20,0
TQWL,91,SL,20-08-2017,1,8,20,0
TQWL,122,SL,20-08-2017,1,8,20,0
TQWL,7,3A,21-08-2017,2,8,21,0
TQWL,5,SL,21-08-2017,2,8,21,1
TQWL,55,SL,21-08-2017,2,8,21,0
TQWL,15,3A,21-08-2017,2,8,21,0
TQWL,9,SL,21-08-2017,2,8,21,0
TQWL,68,SL,21-08-2017,2,8,21,0
TQWL,11,SL,22-08-2017,3,8,22,0
TQWL,60,SL,22-08-2017,3,8,22,0
TQWL,15,3A,22-08-2017,3,8,22,0
TQWL,38,SL,22-08-2017,3,8,22,0
TQWL,4,SL,22-08-2017,3,8,22,0
TQWL,90,SL,22-08-2017,3,8,22,0
TQWL,79,SL,22-08-2017,3,8,22,0
TQWL,22,SL,22-08-2017,3,8,22,0
TQWL,25,SL,23-08-2017,4,8,23,0
TQWL,57,SL,23-08-2017,4,8,23,0
TQWL,123,SL,22-08-2017,3,8,22,0
TQWL,36,SL,23-08-2017,4,8,23,0
TQWL,92,SL,23-08-2017,4,8,23,0
TQWL,118,SL,23-08-2017,4,8,23,0
TQWL,37,SL,23-08-2017,4,8,23,0
TQWL,6,2A,24-08-2017,5,8,24,0
TQWL,89,SL,23-08-2017,4,8,23,0
TQWL,45,SL,24-08-2017,5,8,24,1
TQWL,120,SL,24-08-2017,5,8,24,0
TQWL,39,SL,24-08-2017,5,8,24,0
TQWL,124,SL,24-08-2017,5,8,24,0
TQWL,79,SL,24-08-2017,5,8,24,0
TQWL,39,3A,24-08-2017,5,8,24,0
TQWL,114,SL,24-08-2017,5,8,24,0
TQWL,30,SL,23-08-2017,4,8,23,0
TQWL,3,SL,25-08-2017,6,8,25,0
TQWL,34,SL,24-08-2017,5,8,24,0
TQWL,7,2A,24-08-2017,5,8,24,0
TQWL,49,SL,24-08-2017,5,8,24,0
TQWL,27,3A,24-08-2017,5,8,24,0
TQWL,50,SL,25-08-2017,6,8,25,0
TQWL,101,SL,25-08-2017,6,8,25,0
TQWL,113,SL,25-08-2017,6,8,25,0
TQWL,2,SL,25-08-2017,6,8,25,1
TQWL,104,SL,25-08-2017,6,8,25,0
TQWL,3,SL,26-08-2017,7,8,26,1
TQWL,54,SL,26-08-2017,7,8,26,0
TQWL,22,SL,26-08-2017,7,8,26,0
TQWL,49,SL,26-08-2017,7,8,26,0
TQWL,2,2A,26-08-2017,7,8,26,0
TQWL,89,SL,26-08-2017,7,8,26,0
TQWL,1,SL,12/2/2018,2,2,12,1
TQWL,1,3A,13-02-2018,3,2,13,0
TQWL,47,SL,13-02-2018,3,2,13,0
TQWL,88,SL,12/2/2018,2,2,12,0
TQWL,96,SL,12/2/2018,2,2,12,0
TQWL,3,SL,14-02-2018,4,2,14,1
TQWL,2,3A,13-02-2018,3,2,13,1
TQWL,7,SL,14-02-2018,4,2,14,1
TQWL,19,SL,15-02-2018,5,2,15,0
TQWL,4,SL,14-02-2018,4,2,14,0
TQWL,25,3A,16-02-2018,6,2,16,0
TQWL,3,SL,17-02-2018,7,2,17,0
TQWL,13,SL,17-02-2018,7,2,17,0
TQWL,13,SL,16-02-2018,6,2,16,0
TQWL,13,3A,15-02-2018,5,2,15,0
TQWL,43,SL,16-02-2018,6,2,16,0
TQWL,117,SL,16-02-2018,6,2,16,0
TQWL,106,SL,16-02-2018,6,2,16,0
TQWL,15,3A,16-02-2018,6,2,16,0
TQWL,116,SL,16-02-2018,6,2,16,0
TQWL,8,3A,16-02-2018,6,2,16,0
TQWL,79,SL,16-02-2018,6,2,16,0
TQWL,5,SL,16-02-2018,6,2,16,0
TQWL,58,SL,17-02-2018,7,2,17,0
TQWL,56,SL,17-02-2018,7,2,17,0
TQWL,22,SL,17-02-2018,7,2,17,0
TQWL,16,3A,19-02-2018,2,2,19,0
TQWL,78,SL,17-02-2018,7,2,17,1
TQWL,76,SL,17-02-2018,7,2,17,0
TQWL,10,3A,19-02-2018,2,2,19,1
TQWL,21,3A,19-02-2018,2,2,19,0
TQWL,36,SL,19-02-2018,2,2,19,0
TQWL,1,2A,19-02-2018,2,2,19,0
TQWL,27,SL,19-02-2018,2,2,19,0
TQWL,2,SL,21-02-2018,4,2,21,0
TQWL,3,SL,21-02-2018,4,2,21,0
TQWL,81,SL,20-02-2018,3,2,20,0
TQWL,15,SL,20-02-2018,3,2,20,0
TQWL,17,3A,21-02-2018,4,2,21,1
TQWL,47,SL,20-02-2018,3,2,20,0
TQWL,93,SL,21-02-2018,4,2,21,0
TQWL,3,2A,21-02-2018,4,2,21,1
TQWL,27,3A,22-02-2018,5,2,22,0
TQWL,2,3A,23-02-2018,6,2,23,1
TQWL,56,SL,22-02-2018,5,2,22,0
TQWL,64,SL,22-02-2018,5,2,22,0
TQWL,74,SL,22-02-2018,5,2,22,0
TQWL,22,SL,22-02-2018,5,2,22,0
TQWL,60,SL,22-02-2018,5,2,22,0
TQWL,117,SL,21-02-2018,4,2,21,0
TQWL,94,SL,22-02-2018,5,2,22,0
TQWL,120,SL,22-02-2018,5,2,22,0
TQWL,38,3A,23-02-2018,6,2,23,0
TQWL,24,3A,23-02-2018,6,2,23,0
TQWL,40,SL,23-02-2018,6,2,23,0
TQWL,47,SL,23-02-2018,6,2,23,0
TQWL,31,SL,23-02-2018,6,2,23,0
TQWL,80,SL,23-02-2018,6,2,23,0
TQWL,4,SL,24-02-2018,7,2,24,1
TQWL,16,3A,23-02-2018,6,2,23,0
TQWL,6,3A,23-02-2018,6,2,23,0
TQWL,8,SL,23-02-2018,6,2,23,0
TQWL,4,3A,25-02-2018,1,2,25,0
TQWL,3,SL,24-02-2018,7,2,24,0
TQWL,1,3A,25-02-2018,1,2,25,0
TQWL,19,SL,24-02-2018,7,2,24,0
TQWL,1,SL,25-02-2018,1,2,25,1
TQWL,15,SL,24-02-2018,7,2,24,0
TQWL,3,3A,24-02-2018,7,2,24,1
TQWL,10,SL,24-02-2018,7,2,24,0
TQWL,55,SL,24-02-2018,7,2,24,0
TQWL,124,SL,24-02-2018,7,2,24,1
TQWL,17,3A,25-02-2018,1,2,25,0
TQWL,28,3A,25-02-2018,1,2,25,0
TQWL,16,SL,25-02-2018,1,2,25,0
TQWL,29,SL,24-02-2018,7,2,24,0
TQWL,3,3A,26-02-2018,2,2,26,1
TQWL,115,SL,24-02-2018,7,2,24,0
TQWL,105,SL,24-02-2018,7,2,24,1
TQWL,85,SL,25-02-2018,1,2,25,0
TQWL,15,SL,26-02-2018,2,2,26,1
TQWL,3,2A,25-02-2018,1,2,25,0
TQWL,10,SL,25-02-2018,1,2,25,0
TQWL,8,3A,26-02-2018,2,2,26,0
TQWL,67,SL,26-02-2018,2,2,26,0
TQWL,4,SL,27-02-2018,3,2,27,0
TQWL,1,3A,27-02-2018,3,2,27,0
TQWL,13,SL,26-02-2018,2,2,26,0
TQWL,14,3A,26-02-2018,2,2,26,0
TQWL,88,SL,26-02-2018,2,2,26,0
TQWL,24,SL,26-02-2018,2,2,26,0
TQWL,106,SL,26-02-2018,2,2,26,0
TQWL,62,SL,27-02-2018,3,2,27,0
TQWL,108,SL,27-02-2018,3,2,27,1
TQWL,95,SL,27-02-2018,3,2,27,0
TQWL,2,3A,27-02-2018,3,2,27,0
TQWL,87,SL,27-02-2018,3,2,27,0
TQWL,33,SL,27-02-2018,3,2,27,0
TQWL,118,SL,27-02-2018,3,2,27,1
TQWL,28,3A,28-02-2018,4,2,28,0
TQWL,87,SL,28-02-2018,4,2,28,0
TQWL,22,3A,28-02-2018,4,2,28,0
TQWL,3,3A,28-02-2018,4,2,28,1
TQWL,31,3A,28-02-2018,4,2,28,0
TQWL,5,3A,28-02-2018,4,2,28,0
TQWL,1,SL,16-05-2018,4,5,16,0
TQWL,5,SL,15-05-2018,3,5,15,1
TQWL,13,3A,16-05-2018,4,5,16,1
TQWL,10,SL,16-05-2018,4,5,16,1
TQWL,1,SL,16-05-2018,4,5,16,1
TQWL,1,SL,17-05-2018,5,5,17,1
TQWL,2,SL,17-05-2018,5,5,17,1
TQWL,11,3A,17-05-2018,5,5,17,0
TQWL,27,SL,17-05-2018,5,5,17,0
TQWL,7,SL,16-05-2018,4,5,16,1
TQWL,3,3A,17-05-2018,5,5,17,0
TQWL,4,SL,17-05-2018,5,5,17,1
TQWL,8,SL,18-05-2018,6,5,18,1
TQWL,71,SL,18-05-2018,6,5,18,0
TQWL,3,SL,19-05-2018,7,5,19,0
TQWL,35,SL,18-05-2018,6,5,18,0
TQWL,9,3A,18-05-2018,6,5,18,0
TQWL,1,3A,19-05-2018,7,5,19,1
TQWL,9,SL,18-05-2018,6,5,18,1
TQWL,3,2A,18-05-2018,6,5,18,0
TQWL,57,SL,18-05-2018,6,5,18,0
TQWL,21,3A,18-05-2018,6,5,18,0
TQWL,33,SL,19-05-2018,7,5,19,0
TQWL,6,SL,21-05-2018,2,5,21,1
TQWL,1,SL,21-05-2018,2,5,21,1
TQWL,27,SL,20-05-2018,1,5,20,0
TQWL,8,3A,20-05-2018,1,5,20,1
TQWL,20,SL,20-05-2018,1,5,20,1
TQWL,1,3A,22-05-2018,3,5,22,1
TQWL,11,3A,21-05-2018,2,5,21,1
TQWL,22,SL,21-05-2018,2,5,21,1
TQWL,2,SL,22-05-2018,3,5,22,1
TQWL,7,SL,22-05-2018,3,5,22,1
TQWL,13,SL,22-05-2018,3,5,22,1
TQWL,4,3A,24-05-2018,5,5,24,1
TQWL,2,3A,23-05-2018,4,5,23,1
TQWL,2,SL,24-05-2018,5,5,24,0
TQWL,3,3A,24-05-2018,5,5,24,0
TQWL,8,SL,24-05-2018,5,5,24,0
TQWL,2,SL,23-05-2018,4,5,23,1
TQWL,5,3A,25-05-2018,6,5,25,0
TQWL,53,SL,24-05-2018,5,5,24,1
TQWL,1,3A,26-05-2018,7,5,26,1
TQWL,15,3A,25-05-2018,6,5,25,0
TQWL,11,SL,25-05-2018,6,5,25,0
TQWL,10,SL,25-05-2018,6,5,25,0
TQWL,21,SL,26-05-2018,7,5,26,0
TQWL,20,SL,26-05-2018,7,5,26,0
TQWL,4,3A,27-05-2018,1,5,27,0
TQWL,13,SL,27-05-2018,1,5,27,0
TQWL,1,3A,29-05-2018,3,5,29,0
TQWL,7,3A,28-05-2018,2,5,28,1
TQWL,9,3A,30-05-2018,4,5,30,1
TQWL,11,3A,30-05-2018,4,5,30,1
TQWL,8,SL,30-05-2018,4,5,30,0
TQWL,1,2A,30-05-2018,4,5,30,1
TQWL,46,SL,31-05-2018,5,5,31,0
TQWL,2,3A,30-05-2018,4,5,30,1
TQWL,28,SL,31-05-2018,5,5,31,0
TQWL,4,3A,31-05-2018,5,5,31,0
TQWL,20,SL,1/6/2018,6,6,1,0
WL,5,SL,1/12/2016,5,12,1,1
WL,51,SL,4/12/2016,1,12,4,0
WL,6,SL,4/12/2016,1,12,4,0
WL,4,SL,7/12/2016,4,12,7,0
WL,2,3A,6/12/2016,3,12,6,1
WL,59,SL,8/12/2016,5,12,8,0
WL,20,SL,11/12/2016,1,12,11,0
WL,3,SL,13-12-2016,3,12,13,1
WL,7,3A,14-12-2016,4,12,14,1
WL,1,SL,4/2/2017,7,2,4,0
WL,1,SL,5/2/2017,1,2,5,1
WL,73,SL,5/2/2017,1,2,5,0
WL,25,SL,6/2/2017,2,2,6,0
WL,3,SL,5/2/2017,1,2,5,0
WL,2,3A,5/2/2017,1,2,5,0
WL,10,SL,5/2/2017,1,2,5,0
WL,53,SL,5/2/2017,1,2,5,0
WL,8,SL,8/2/2017,4,2,8,0
WL,6,SL,7/2/2017,3,2,7,0
WL,12,3A,7/2/2017,3,2,7,1
WL,1,SL,9/2/2017,5,2,9,0
WL,16,3A,8/2/2017,4,2,8,1
WL,35,SL,8/2/2017,4,2,8,0
WL,53,SL,8/2/2017,4,2,8,0
WL,24,SL,9/2/2017,5,2,9,0
WL,4,3A,9/2/2017,5,2,9,0
WL,9,3A,10/2/2017,6,2,10,0
WL,9,SL,10/2/2017,6,2,10,0
WL,8,SL,10/2/2017,6,2,10,0
WL,20,3A,10/2/2017,6,2,10,0
WL,14,SL,12/2/2017,1,2,12,0
WL,19,SL,11/2/2017,7,2,11,0
WL,1,3A,11/2/2017,7,2,11,0
WL,7,SL,11/2/2017,7,2,11,1
WL,35,SL,12/2/2017,1,2,12,0
WL,91,SL,12/2/2017,1,2,12,0
WL,3,SL,13-02-2017,2,2,13,0
WL,48,SL,12/2/2017,1,2,12,0
WL,8,SL,13-02-2017,2,2,13,0
WL,51,SL,13-02-2017,2,2,13,1
WL,34,SL,13-02-2017,2,2,13,0
WL,61,SL,13-02-2017,2,2,13,0
WL,31,SL,14-02-2017,3,2,14,0
WL,47,SL,14-02-2017,3,2,14,0
WL,1,SL,14-02-2017,3,2,14,0
WL,92,SL,15-02-2017,4,2,15,0
WL,87,SL,15-02-2017,4,2,15,0
WL,9,SL,15-02-2017,4,2,15,0
WL,33,SL,15-02-2017,4,2,15,0
WL,31,SL,15-02-2017,4,2,15,0
WL,65,SL,16-02-2017,5,2,16,0
WL,40,SL,16-02-2017,5,2,16,0
WL,10,3A,16-02-2017,5,2,16,1
WL,5,3A,18-02-2017,7,2,18,1
WL,15,3A,17-02-2017,6,2,17,0
WL,90,SL,17-02-2017,6,2,17,0
WL,69,SL,17-02-2017,6,2,17,0
WL,65,SL,17-02-2017,6,2,17,0
WL,98,SL,17-02-2017,6,2,17,0
WL,84,SL,17-02-2017,6,2,17,0
WL,7,SL,18-02-2017,7,2,18,0
WL,91,SL,17-02-2017,6,2,17,0
WL,5,3A,19-02-2017,1,2,19,0
WL,51,SL,17-02-2017,6,2,17,0
WL,80,SL,18-02-2017,7,2,18,0
WL,56,SL,17-02-2017,6,2,17,0
WL,2,SL,19-02-2017,1,2,19,0
WL,10,3A,19-02-2017,1,2,19,0
WL,72,SL,19-02-2017,1,2,19,0
WL,97,SL,18-02-2017,7,2,18,0
WL,7,SL,19-02-2017,1,2,19,0
WL,55,SL,19-02-2017,1,2,19,0
WL,16,SL,19-02-2017,1,2,19,0
WL,68,SL,19-02-2017,1,2,19,0
WL,2,3A,20-02-2017,2,2,20,1
WL,11,SL,20-02-2017,2,2,20,0
WL,33,SL,20-02-2017,2,2,20,0
WL,3,SL,21-02-2017,3,2,21,1
WL,43,SL,21-02-2017,3,2,21,0
WL,4,SL,21-02-2017,3,2,21,0
WL,59,SL,22-02-2017,4,2,22,1
WL,37,SL,22-02-2017,4,2,22,0
WL,3,SL,23-02-2017,5,2,23,0
WL,1,3A,23-02-2017,5,2,23,1
WL,8,SL,22-02-2017,4,2,22,0
WL,3,3A,23-02-2017,5,2,23,1
WL,38,SL,23-02-2017,5,2,23,0
WL,26,SL,23-02-2017,5,2,23,0
WL,91,SL,23-02-2017,5,2,23,0
WL,30,3A,22-02-2017,4,2,22,1
WL,28,SL,23-02-2017,5,2,23,0
WL,61,SL,23-02-2017,5,2,23,0
WL,31,SL,23-02-2017,5,2,23,0
WL,65,SL,23-02-2017,5,2,23,0
WL,2,2A,23-02-2017,5,2,23,0
WL,63,SL,23-02-2017,5,2,23,0
WL,5,3A,24-02-2017,6,2,24,0
WL,71,SL,24-02-2017,6,2,24,0
WL,59,SL,25-02-2017,7,2,25,0
WL,82,SL,24-02-2017,6,2,24,0
WL,14,3A,24-02-2017,6,2,24,0
WL,4,SL,25-02-2017,7,2,25,0
WL,61,SL,24-02-2017,6,2,24,0
WL,8,SL,25-02-2017,7,2,25,0
WL,12,SL,25-02-2017,7,2,25,0
WL,10,3A,25-02-2017,7,2,25,0
WL,7,3A,25-02-2017,7,2,25,0
WL,35,SL,25-02-2017,7,2,25,0
WL,1,SL,26-02-2017,1,2,26,0
WL,47,SL,25-02-2017,7,2,25,0
WL,18,SL,26-02-2017,1,2,26,0
WL,5,SL,26-02-2017,1,2,26,0
WL,83,SL,25-02-2017,7,2,25,0
WL,15,3A,25-02-2017,7,2,25,0
WL,104,SL,24-02-2017,6,2,24,0
WL,2,3A,24-02-2017,6,2,24,1
WL,33,SL,24-02-2017,6,2,24,0
WL,1,SL,25-02-2017,7,2,25,1
WL,42,SL,25-02-2017,7,2,25,0
WL,18,SL,26-02-2017,1,2,26,0
WL,16,3A,26-02-2017,1,2,26,0
WL,56,SL,26-02-2017,1,2,26,0
WL,50,SL,27-02-2017,2,2,27,0
WL,51,SL,26-02-2017,1,2,26,0
WL,78,SL,27-02-2017,2,2,27,0
WL,45,SL,27-02-2017,2,2,27,0
WL,1,SL,1/3/2017,4,3,1,0
WL,2,SL,1/3/2017,4,3,1,0
WL,40,SL,27-02-2017,2,2,27,0
WL,20,SL,1/3/2017,4,3,1,0
WL,1,SL,28-02-2017,3,2,28,1
WL,27,SL,28-02-2017,3,2,28,0
WL,4,SL,1/3/2017,4,3,1,1
WL,15,3A,1/3/2017,4,3,1,0
WL,1,SL,1/3/2017,4,3,1,1
WL,75,SL,1/3/2017,4,3,1,0
WL,6,SL,3/3/2017,6,3,3,0
WL,58,SL,2/3/2017,5,3,2,0
WL,10,SL,2/3/2017,5,3,2,0
WL,1,SL,3/3/2017,6,3,3,1
WL,6,SL,2/3/2017,5,3,2,1
WL,47,SL,2/3/2017,5,3,2,0
WL,86,SL,2/3/2017,5,3,2,0
WL,39,SL,2/3/2017,5,3,2,0
WL,56,SL,2/3/2017,5,3,2,0
WL,9,SL,3/3/2017,6,3,3,0
WL,113,SL,2/3/2017,5,3,2,0
WL,33,SL,3/3/2017,6,3,3,0
WL,1,SL,3/3/2017,6,3,3,1
WL,6,SL,4/3/2017,7,3,4,0
WL,9,SL,3/3/2017,6,3,3,1
WL,10,3A,4/3/2017,7,3,4,0
WL,89,SL,3/3/2017,6,3,3,0
WL,30,3A,3/3/2017,6,3,3,0
WL,38,SL,3/3/2017,6,3,3,0
WL,22,SL,4/3/2017,7,3,4,0
WL,41,SL,4/3/2017,7,3,4,0
WL,94,SL,4/3/2017,7,3,4,1
WL,14,3A,18-04-2017,3,4,18,0
WL,65,SL,19-04-2017,4,4,19,0
WL,28,SL,19-04-2017,4,4,19,0
WL,3,3A,19-04-2017,4,4,19,0
WL,29,SL,19-04-2017,4,4,19,0
WL,52,SL,19-04-2017,4,4,19,0
WL,26,3A,19-04-2017,4,4,19,0
WL,18,3A,19-04-2017,4,4,19,0
WL,6,3A,20-04-2017,5,4,20,0
WL,24,3A,20-04-2017,5,4,20,0
WL,41,SL,19-04-2017,4,4,19,1
WL,96,SL,20-04-2017,5,4,20,0
WL,15,SL,20-04-2017,5,4,20,0
WL,25,3A,20-04-2017,5,4,20,0
WL,32,SL,20-04-2017,5,4,20,0
WL,4,SL,20-04-2017,5,4,20,1
WL,90,SL,20-04-2017,5,4,20,0
WL,7,2A,20-04-2017,5,4,20,0
WL,22,SL,20-04-2017,5,4,20,0
WL,103,SL,20-04-2017,5,4,20,0
WL,8,2A,21-04-2017,6,4,21,0
WL,29,SL,21-04-2017,6,4,21,0
WL,3,SL,20-04-2017,5,4,20,1
WL,109,SL,21-04-2017,6,4,21,0
WL,123,SL,21-04-2017,6,4,21,0
WL,34,3A,21-04-2017,6,4,21,0
WL,36,3A,21-04-2017,6,4,21,0
WL,31,SL,21-04-2017,6,4,21,0
WL,45,SL,21-04-2017,6,4,21,0
WL,58,SL,21-04-2017,6,4,21,0
WL,6,2A,23-04-2017,1,4,23,0
WL,18,SL,21-04-2017,6,4,21,0
WL,66,SL,22-04-2017,7,4,22,0
WL,36,SL,22-04-2017,7,4,22,0
WL,8,SL,23-04-2017,1,4,23,0
WL,41,SL,22-04-2017,7,4,22,0
WL,58,SL,22-04-2017,7,4,22,1
WL,75,SL,22-04-2017,7,4,22,0
WL,11,SL,21-04-2017,6,4,21,0
WL,71,SL,22-04-2017,7,4,22,0
WL,6,SL,22-04-2017,7,4,22,0
WL,15,SL,22-04-2017,7,4,22,0
WL,69,SL,22-04-2017,7,4,22,0
WL,9,SL,23-04-2017,1,4,23,1
WL,34,3A,22-04-2017,7,4,22,0
WL,11,SL,23-04-2017,1,4,23,1
WL,1,3A,23-04-2017,1,4,23,0
WL,7,SL,23-04-2017,1,4,23,1
WL,35,SL,23-04-2017,1,4,23,0
WL,29,3A,23-04-2017,1,4,23,0
WL,16,3A,22-04-2017,7,4,22,1
WL,76,SL,22-04-2017,7,4,22,0
WL,80,SL,23-04-2017,1,4,23,0
WL,2,3A,23-04-2017,1,4,23,0
WL,18,SL,23-04-2017,1,4,23,0
WL,59,SL,24-04-2017,2,4,24,0
WL,23,SL,23-04-2017,1,4,23,1
WL,9,3A,24-04-2017,2,4,24,0
WL,36,3A,24-04-2017,2,4,24,0
WL,8,3A,24-04-2017,2,4,24,0
WL,25,SL,24-04-2017,2,4,24,0
WL,84,SL,24-04-2017,2,4,24,0
WL,16,SL,24-04-2017,2,4,24,0
WL,17,SL,24-04-2017,2,4,24,0
WL,75,SL,24-04-2017,2,4,24,0
WL,6,3A,25-04-2017,3,4,25,0
WL,15,SL,25-04-2017,3,4,25,0
WL,78,SL,24-04-2017,2,4,24,0
WL,18,SL,25-04-2017,3,4,25,0
WL,26,3A,25-04-2017,3,4,25,0
WL,55,SL,25-04-2017,3,4,25,0
WL,16,3A,25-04-2017,3,4,25,0
WL,70,SL,25-04-2017,3,4,25,0
WL,4,2A,27-04-2017,5,4,27,1
WL,3,SL,27-04-2017,5,4,27,1
WL,76,SL,27-04-2017,5,4,27,1
WL,90,SL,27-04-2017,5,4,27,1
WL,27,3A,27-04-2017,5,4,27,0
WL,15,SL,27-04-2017,5,4,27,0
WL,24,SL,27-04-2017,5,4,27,0
WL,9,SL,28-04-2017,6,4,28,0
WL,19,SL,28-04-2017,6,4,28,0
WL,5,3A,27-04-2017,5,4,27,0
WL,9,SL,27-04-2017,5,4,27,0
WL,4,SL,27-04-2017,5,4,27,1
WL,50,SL,27-04-2017,5,4,27,0
WL,30,3A,28-04-2017,6,4,28,0
WL,12,3A,28-04-2017,6,4,28,0
WL,13,3A,28-04-2017,6,4,28,0
WL,14,3A,28-04-2017,6,4,28,0
WL,91,SL,28-04-2017,6,4,28,0
WL,15,SL,28-04-2017,6,4,28,0
WL,52,SL,28-04-2017,6,4,28,0
WL,75,SL,28-04-2017,6,4,28,0
WL,37,SL,29-04-2017,7,4,29,0
WL,47,SL,29-04-2017,7,4,29,0
WL,99,SL,29-04-2017,7,4,29,0
WL,2,SL,30-04-2017,1,4,30,1
WL,57,SL,28-04-2017,6,4,28,0
WL,17,SL,28-04-2017,6,4,28,0
WL,4,SL,29-04-2017,7,4,29,1
WL,35,SL,28-04-2017,6,4,28,0
WL,30,3A,29-04-2017,7,4,29,0
WL,78,SL,29-04-2017,7,4,29,0
WL,13,SL,30-04-2017,1,4,30,0
WL,5,2A,30-04-2017,1,4,30,0
WL,6,3A,30-04-2017,1,4,30,1
WL,30,3A,30-04-2017,1,4,30,0
WL,5,SL,30-04-2017,1,4,30,0
WL,39,3A,29-04-2017,7,4,29,0
WL,10,SL,1/5/2017,2,5,1,1
WL,1,SL,30-04-2017,1,4,30,0
WL,38,3A,30-04-2017,1,4,30,0
WL,32,3A,30-04-2017,1,4,30,0
WL,14,3A,30-04-2017,1,4,30,0
WL,20,SL,30-04-2017,1,4,30,0
WL,40,SL,30-04-2017,1,4,30,0
WL,14,SL,30-04-2017,1,4,30,1
WL,20,3A,1/5/2017,2,5,1,0
WL,9,SL,1/5/2017,2,5,1,0
WL,11,3A,2/5/2017,3,5,2,0
WL,17,SL,1/5/2017,2,5,1,0
WL,14,3A,1/5/2017,2,5,1,0
WL,6,SL,1/5/2017,2,5,1,0
WL,18,SL,1/5/2017,2,5,1,0
WL,48,SL,1/5/2017,2,5,1,0
WL,25,3A,2/5/2017,3,5,2,0
WL,2,3A,3/5/2017,4,5,3,0
WL,26,SL,3/5/2017,4,5,3,0
WL,52,SL,1/5/2017,2,5,1,0
WL,31,3A,3/5/2017,4,5,3,0
WL,15,SL,2/5/2017,3,5,2,1
WL,18,SL,3/5/2017,4,5,3,0
WL,19,3A,2/5/2017,3,5,2,0
WL,63,SL,1/5/2017,2,5,1,1
WL,4,3A,2/5/2017,3,5,2,0
WL,39,SL,2/5/2017,3,5,2,1
WL,30,3A,3/5/2017,4,5,3,0
WL,20,SL,3/5/2017,4,5,3,1
WL,72,SL,3/5/2017,4,5,3,0
TQWL,17,SL,3/6/2017,7,6,3,0
TQWL,38,SL,3/6/2017,7,6,3,0
TQWL,10,SL,3/6/2017,7,6,3,1
TQWL,27,3A,3/6/2017,7,6,3,0
TQWL,37,3A,3/6/2017,7,6,3,0
TQWL,6,SL,3/6/2017,7,6,3,0
TQWL,11,SL,3/6/2017,7,6,3,0
TQWL,64,SL,4/6/2017,1,6,4,0
TQWL,31,3A,4/6/2017,1,6,4,0
TQWL,16,SL,4/6/2017,1,6,4,0
TQWL,6,2A,4/6/2017,1,6,4,0
TQWL,56,SL,4/6/2017,1,6,4,0
TQWL,8,SL,5/6/2017,2,6,5,1
TQWL,4,SL,5/6/2017,2,6,5,1
TQWL,28,3A,5/6/2017,2,6,5,0
TQWL,1,3A,6/6/2017,3,6,6,0
TQWL,4,SL,6/6/2017,3,6,6,0
TQWL,31,SL,5/6/2017,2,6,5,0
TQWL,5,2A,6/6/2017,3,6,6,0
TQWL,16,SL,6/6/2017,3,6,6,0
TQWL,9,SL,6/6/2017,3,6,6,0
TQWL,1,SL,7/6/2017,4,6,7,0
TQWL,4,3A,6/6/2017,3,6,6,1
TQWL,9,3A,6/6/2017,3,6,6,0
TQWL,8,3A,6/6/2017,3,6,6,0
TQWL,29,SL,6/6/2017,3,6,6,0
TQWL,99,SL,7/6/2017,4,6,7,0
TQWL,53,SL,7/6/2017,4,6,7,0
TQWL,3,SL,7/6/2017,4,6,7,0
TQWL,69,SL,7/6/2017,4,6,7,0
TQWL,93,SL,7/6/2017,4,6,7,0
TQWL,4,3A,8/6/2017,5,6,8,0
TQWL,27,3A,8/6/2017,5,6,8,0
TQWL,2,SL,8/6/2017,5,6,8,1
TQWL,2,SL,8/6/2017,5,6,8,0
TQWL,14,3A,8/6/2017,5,6,8,0
TQWL,2,SL,9/6/2017,6,6,9,0
TQWL,42,SL,9/6/2017,6,6,9,0
TQWL,3,3A,8/6/2017,5,6,8,1
TQWL,8,3A,8/6/2017,5,6,8,0
TQWL,9,SL,9/6/2017,6,6,9,0
TQWL,108,SL,9/6/2017,6,6,9,0
TQWL,7,SL,9/6/2017,6,6,9,1
TQWL,17,3A,10/6/2017,7,6,10,0
TQWL,29,3A,10/6/2017,7,6,10,0
TQWL,25,SL,10/6/2017,7,6,10,0
TQWL,3,SL,11/6/2017,1,6,11,0
TQWL,29,3A,11/6/2017,1,6,11,0
TQWL,34,3A,11/6/2017,1,6,11,0
TQWL,77,SL,11/6/2017,1,6,11,0
TQWL,79,SL,11/6/2017,1,6,11,1
TQWL,8,SL,11/6/2017,1,6,11,1
TQWL,6,SL,11/6/2017,1,6,11,0
TQWL,20,3A,13-06-2017,3,6,13,0
TQWL,57,SL,13-06-2017,3,6,13,1
TQWL,77,SL,13-06-2017,3,6,13,1
TQWL,43,SL,13-06-2017,3,6,13,0
TQWL,1,SL,15-06-2017,5,6,15,1
TQWL,84,SL,15-06-2017,5,6,15,1
TQWL,90,SL,15-06-2017,5,6,15,0
TQWL,10,SL,15-06-2017,5,6,15,1
TQWL,20,3A,15-06-2017,5,6,15,0
TQWL,5,SL,17-06-2017,7,6,17,0
TQWL,7,SL,17-06-2017,7,6,17,0
TQWL,38,SL,17-06-2017,7,6,17,0
TQWL,11,SL,17-06-2017,7,6,17,1
TQWL,38,3A,17-06-2017,7,6,17,0
TQWL,4,3A,18-06-2017,1,6,18,1
TQWL,2,SL,20-06-2017,3,6,20,0
TQWL,54,SL,18-06-2017,1,6,18,0
TQWL,79,SL,20-06-2017,3,6,20,0
TQWL,57,SL,20-06-2017,3,6,20,0
TQWL,7,SL,22-06-2017,5,6,22,0
TQWL,3,3A,22-06-2017,5,6,22,1
TQWL,81,SL,22-06-2017,5,6,22,0
TQWL,11,SL,23-06-2017,6,6,23,0
TQWL,41,SL,22-06-2017,5,6,22,0
TQWL,66,SL,22-06-2017,5,6,22,1
TQWL,29,SL,22-06-2017,5,6,22,0
TQWL,48,SL,22-06-2017,5,6,22,0
TQWL,17,SL,22-06-2017,5,6,22,0
TQWL,44,SL,22-06-2017,5,6,22,0
TQWL,36,SL,22-06-2017,5,6,22,0
TQWL,12,3A,22-06-2017,5,6,22,0
TQWL,1,3A,23-06-2017,6,6,23,0
TQWL,7,3A,22-06-2017,5,6,22,1
TQWL,92,SL,22-06-2017,5,6,22,0
TQWL,1,SL,23-06-2017,6,6,23,0
TQWL,52,SL,22-06-2017,5,6,22,0
TQWL,7,SL,23-06-2017,6,6,23,1
TQWL,29,SL,23-06-2017,6,6,23,0
TQWL,24,SL,23-06-2017,6,6,23,0
TQWL,107,SL,22-06-2017,5,6,22,0
TQWL,15,3A,22-06-2017,5,6,22,0
TQWL,55,SL,23-06-2017,6,6,23,0
TQWL,12,SL,23-06-2017,6,6,23,1
TQWL,24,SL,24-06-2017,7,6,24,0
TQWL,42,SL,24-06-2017,7,6,24,0
TQWL,76,SL,24-06-2017,7,6,24,0
TQWL,55,SL,24-06-2017,7,6,24,0
TQWL,51,SL,24-06-2017,7,6,24,0
TQWL,1,2A,24-06-2017,7,6,24,0
TQWL,1,SL,25-06-2017,1,6,25,1
TQWL,15,3A,25-06-2017,1,6,25,0
TQWL,18,3A,25-06-2017,1,6,25,0
TQWL,17,3A,25-06-2017,1,6,25,0
TQWL,4,3A,25-06-2017,1,6,25,0
TQWL,56,SL,25-06-2017,1,6,25,0
TQWL,42,SL,25-06-2017,1,6,25,0
TQWL,2,SL,26-06-2017,2,6,26,1
TQWL,65,SL,25-06-2017,1,6,25,0
TQWL,14,SL,25-06-2017,1,6,25,1
TQWL,2,SL,26-06-2017,2,6,26,1
TQWL,6,3A,26-06-2017,2,6,26,0
TQWL,28,SL,26-06-2017,2,6,26,0
TQWL,33,SL,26-06-2017,2,6,26,0
TQWL,47,SL,26-06-2017,2,6,26,0
TQWL,1,2A,27-06-2017,3,6,27,0
TQWL,10,SL,27-06-2017,3,6,27,1
TQWL,21,SL,28-06-2017,4,6,28,0
TQWL,11,3A,28-06-2017,4,6,28,1
TQWL,15,3A,28-06-2017,4,6,28,1
TQWL,57,SL,28-06-2017,4,6,28,0
TQWL,29,SL,29-06-2017,5,6,29,0
TQWL,64,SL,30-06-2017,6,6,30,0
TQWL,67,SL,30-06-2017,6,6,30,0
TQWL,73,SL,30-06-2017,6,6,30,0
TQWL,95,SL,30-06-2017,6,6,30,0
TQWL,61,SL,30-06-2017,6,6,30,0
TQWL,75,SL,30-06-2017,6,6,30,0
TQWL,1,3A,1/7/2017,7,7,1,0
TQWL,3,SL,2/7/2017,1,7,2,0
TQWL,2,SL,1/7/2017,7,7,1,1
TQWL,30,SL,1/7/2017,7,7,1,0
TQWL,1,SL,1/7/2017,7,7,1,1
TQWL,19,3A,1/7/2017,7,7,1,0
TQWL,41,SL,1/7/2017,7,7,1,0
TQWL,64,SL,2/7/2017,1,7,2,0
TQWL,1,3A,4/7/2017,3,7,4,0
TQWL,39,SL,3/7/2017,2,7,3,0
TQWL,6,3A,5/7/2017,4,7,5,1
TQWL,6,SL,5/7/2017,4,7,5,1
TQWL,7,3A,6/7/2017,5,7,6,1
TQWL,4,SL,23-10-2017,2,10,23,0
TQWL,8,SL,23-10-2017,2,10,23,1
TQWL,9,SL,24-10-2017,3,10,24,0
TQWL,2,SL,25-10-2017,4,10,25,0
TQWL,32,SL,24-10-2017,3,10,24,0
TQWL,18,SL,24-10-2017,3,10,24,0
TQWL,36,SL,24-10-2017,3,10,24,0
TQWL,12,SL,24-10-2017,3,10,24,1
TQWL,19,SL,25-10-2017,4,10,25,0
TQWL,50,SL,25-10-2017,4,10,25,0
TQWL,13,3A,26-10-2017,5,10,26,1
TQWL,10,SL,26-10-2017,5,10,26,0
TQWL,10,SL,25-10-2017,4,10,25,1
TQWL,1,3A,26-10-2017,5,10,26,1
TQWL,47,SL,26-10-2017,5,10,26,0
TQWL,13,3A,27-10-2017,6,10,27,0
TQWL,50,SL,27-10-2017,6,10,27,0
TQWL,41,SL,27-10-2017,6,10,27,0
TQWL,1,SL,28-10-2017,7,10,28,1
TQWL,6,SL,27-10-2017,6,10,27,0
TQWL,19,3A,27-10-2017,6,10,27,0
TQWL,64,SL,27-10-2017,6,10,27,0
TQWL,3,3A,28-10-2017,7,10,28,0
TQWL,38,SL,28-10-2017,7,10,28,0
TQWL,1,SL,29-10-2017,1,10,29,0
TQWL,33,SL,27-10-2017,6,10,27,0
TQWL,33,SL,28-10-2017,7,10,28,0
TQWL,9,3A,28-10-2017,7,10,28,0
TQWL,2,2A,28-10-2017,7,10,28,0
TQWL,3,SL,29-10-2017,1,10,29,1
TQWL,15,SL,29-10-2017,1,10,29,0
TQWL,38,SL,29-10-2017,1,10,29,0
TQWL,9,SL,29-10-2017,1,10,29,0
TQWL,5,3A,28-10-2017,7,10,28,1
TQWL,2,SL,30-10-2017,2,10,30,1
TQWL,15,SL,30-10-2017,2,10,30,0
TQWL,9,SL,29-10-2017,1,10,29,0
TQWL,31,SL,31-10-2017,3,10,31,0
TQWL,23,SL,31-10-2017,3,10,31,0
TQWL,53,SL,31-10-2017,3,10,31,0
TQWL,6,SL,31-10-2017,3,10,31,0
TQWL,3,3A,31-10-2017,3,10,31,1
TQWL,10,SL,1/11/2017,4,11,1,1
TQWL,5,SL,1/11/2017,4,11,1,1
TQWL,49,SL,31-10-2017,3,10,31,0
TQWL,7,SL,1/11/2017,4,11,1,1
TQWL,34,SL,1/11/2017,4,11,1,0
TQWL,21,SL,2/11/2017,5,11,2,0
TQWL,38,SL,1/11/2017,4,11,1,1
TQWL,44,SL,2/11/2017,5,11,2,0
TQWL,32,SL,2/11/2017,5,11,2,0
TQWL,13,3A,3/11/2017,6,11,3,1
TQWL,21,SL,3/11/2017,6,11,3,0
TQWL,15,SL,3/11/2017,6,11,3,0
TQWL,19,SL,3/11/2017,6,11,3,0
TQWL,43,SL,4/11/2017,7,11,4,0
TQWL,7,SL,19-11-2017,1,11,19,0
TQWL,3,3A,18-11-2017,7,11,18,0
TQWL,9,3A,20-11-2017,2,11,20,0
TQWL,8,SL,20-11-2017,2,11,20,1
TQWL,45,SL,19-11-2017,1,11,19,0
TQWL,2,3A,19-11-2017,1,11,19,1
TQWL,16,3A,19-11-2017,1,11,19,0
TQWL,31,SL,19-11-2017,1,11,19,0
TQWL,1,2A,19-11-2017,1,11,19,1
TQWL,3,3A,21-11-2017,3,11,21,0
TQWL,18,SL,21-11-2017,3,11,21,0
TQWL,4,SL,21-11-2017,3,11,21,1
TQWL,8,3A,21-11-2017,3,11,21,0
TQWL,6,SL,21-11-2017,3,11,21,0
TQWL,23,3A,22-11-2017,4,11,22,0
TQWL,3,3A,22-11-2017,4,11,22,0
TQWL,4,3A,22-11-2017,4,11,22,1
TQWL,58,SL,22-11-2017,4,11,22,0
TQWL,49,SL,22-11-2017,4,11,22,0
TQWL,92,SL,22-11-2017,4,11,22,0
TQWL,68,SL,22-11-2017,4,11,22,0
TQWL,66,SL,22-11-2017,4,11,22,0
TQWL,100,SL,22-11-2017,4,11,22,0
TQWL,111,SL,22-11-2017,4,11,22,0
TQWL,110,SL,22-11-2017,4,11,22,0
TQWL,8,SL,22-11-2017,4,11,22,1
TQWL,53,SL,22-11-2017,4,11,22,1
TQWL,44,SL,22-11-2017,4,11,22,0
TQWL,9,3A,22-11-2017,4,11,22,0
TQWL,52,SL,24-11-2017,6,11,24,0
TQWL,4,SL,3/12/2017,1,12,3,0
TQWL,7,SL,3/12/2017,1,12,3,0
TQWL,5,3A,3/12/2017,1,12,3,0
TQWL,51,SL,4/12/2017,2,12,4,0
TQWL,69,SL,3/12/2017,1,12,3,0
TQWL,74,SL,3/12/2017,1,12,3,0
TQWL,11,SL,3/12/2017,1,12,3,0
TQWL,16,SL,4/12/2017,2,12,4,0
TQWL,43,SL,3/12/2017,1,12,3,0
TQWL,29,SL,4/12/2017,2,12,4,1
TQWL,26,SL,4/12/2017,2,12,4,0
TQWL,44,SL,4/12/2017,2,12,4,0
TQWL,1,3A,5/12/2017,3,12,5,0
TQWL,25,SL,5/12/2017,3,12,5,1
TQWL,1,SL,6/12/2017,4,12,6,0
TQWL,2,SL,7/12/2017,5,12,7,1
TQWL,1,SL,6/12/2017,4,12,6,1
TQWL,34,SL,6/12/2017,4,12,6,0
TQWL,7,3A,6/12/2017,4,12,6,0
TQWL,60,SL,6/12/2017,4,12,6,0
TQWL,42,SL,6/12/2017,4,12,6,0
TQWL,48,SL,6/12/2017,4,12,6,0
TQWL,3,3A,8/12/2017,6,12,8,1
TQWL,36,SL,7/12/2017,5,12,7,0
TQWL,63,SL,7/12/2017,5,12,7,0
TQWL,16,SL,7/12/2017,5,12,7,1
TQWL,18,SL,7/12/2017,5,12,7,1
TQWL,37,SL,7/12/2017,5,12,7,0
TQWL,1,SL,8/12/2017,6,12,8,1
TQWL,15,SL,9/12/2017,7,12,9,1
TQWL,46,SL,9/12/2017,7,12,9,0
TQWL,48,SL,8/12/2017,6,12,8,0
TQWL,5,SL,9/12/2017,7,12,9,1
TQWL,73,SL,9/12/2017,7,12,9,0
TQWL,21,SL,9/12/2017,7,12,9,0
TQWL,5,SL,25-01-2018,5,1,25,1
TQWL,25,SL,25-01-2018,5,1,25,0
TQWL,50,SL,25-01-2018,5,1,25,0
TQWL,9,SL,26-01-2018,6,1,26,1
TQWL,34,SL,25-01-2018,5,1,25,0
TQWL,4,SL,26-01-2018,6,1,26,1
TQWL,43,SL,26-01-2018,6,1,26,0
TQWL,7,SL,26-01-2018,6,1,26,1
TQWL,5,SL,27-01-2018,7,1,27,0
TQWL,7,SL,26-01-2018,6,1,26,0
TQWL,4,SL,27-01-2018,7,1,27,0
TQWL,6,SL,27-01-2018,7,1,27,1
TQWL,20,SL,28-01-2018,1,1,28,0
TQWL,1,SL,29-01-2018,2,1,29,0
TQWL,1,3A,28-01-2018,1,1,28,1
TQWL,23,SL,28-01-2018,1,1,28,0
TQWL,6,3A,28-01-2018,1,1,28,1
TQWL,5,3A,28-01-2018,1,1,28,1
TQWL,41,SL,29-01-2018,2,1,29,0
TQWL,11,SL,30-01-2018,3,1,30,0
TQWL,35,SL,30-01-2018,3,1,30,0
TQWL,26,SL,30-01-2018,3,1,30,0
TQWL,18,SL,30-01-2018,3,1,30,0
TQWL,45,SL,31-01-2018,4,1,31,1
TQWL,39,SL,31-01-2018,4,1,31,0
TQWL,56,SL,1/2/2018,5,2,1,0
TQWL,21,SL,1/2/2018,5,2,1,0
TQWL,21,SL,2/2/2018,6,2,2,0
TQWL,58,SL,3/2/2018,7,2,3,0
TQWL,1,SL,3/2/2018,7,2,3,1
TQWL,61,SL,2/2/2018,6,2,2,0
TQWL,66,SL,2/2/2018,6,2,2,0
TQWL,77,SL,2/2/2018,6,2,2,0
TQWL,6,SL,4/2/2018,1,2,4,0
TQWL,1,3A,4/2/2018,1,2,4,0
TQWL,1,3A,5/2/2018,2,2,5,1
TQWL,1,3A,5/2/2018,2,2,5,1
TQWL,35,SL,5/2/2018,2,2,5,0
TQWL,2,3A,5/2/2018,2,2,5,1
TQWL,51,SL,5/2/2018,2,2,5,0
TQWL,7,SL,5/2/2018,2,2,5,0
TQWL,1,SL,6/2/2018,3,2,6,1
TQWL,2,SL,5/2/2018,2,2,5,1
TQWL,10,3A,7/2/2018,4,2,7,1
TQWL,5,3A,9/2/2018,6,2,9,1
TQWL,1,2A,8/2/2018,5,2,8,1
TQWL,13,3A,9/2/2018,6,2,9,0
TQWL,41,SL,9/2/2018,6,2,9,0
TQWL,38,SL,9/2/2018,6,2,9,0
TQWL,69,SL,9/2/2018,6,2,9,0
TQWL,30,SL,9/2/2018,6,2,9,0
TQWL,39,SL,9/2/2018,6,2,9,0
TQWL,70,SL,9/2/2018,6,2,9,0
TQWL,5,3A,9/2/2018,6,2,9,0
TQWL,6,SL,9/2/2018,6,2,9,1
TQWL,9,SL,9/2/2018,6,2,9,1
TQWL,1,3A,9/2/2018,6,2,9,1
TQWL,48,SL,9/2/2018,6,2,9,0
TQWL,21,3A,9/2/2018,6,2,9,0
TQWL,4,SL,10/2/2018,7,2,10,1
TQWL,16,SL,10/2/2018,7,2,10,0
TQWL,44,SL,10/2/2018,7,2,10,0
TQWL,17,SL,10/2/2018,7,2,10,0
TQWL,24,3A,11/2/2018,1,2,11,0
TQWL,54,SL,10/2/2018,7,2,10,0
TQWL,46,SL,10/2/2018,7,2,10,1
TQWL,7,SL,11/2/2018,1,2,11,1
TQWL,90,SL,11/2/2018,1,2,11,0
TQWL,15,SL,11/2/2018,1,2,11,1
TQWL,101,SL,10/2/2018,7,2,10,0
TQWL,106,SL,11/2/2018,1,2,11,0
TQWL,8,3A,11/2/2018,1,2,11,0
TQWL,65,SL,11/2/2018,1,2,11,0
TQWL,104,SL,12/2/2018,2,2,12,1
TQWL,70,SL,12/2/2018,2,2,12,0
TQWL,2,3A,12/2/2018,2,2,12,1
TQWL,13,3A,11/2/2018,1,2,11,0
TQWL,9,3A,12/2/2018,2,2,12,1
TQWL,87,SL,12/2/2018,2,2,12,0
TQWL,5,SL,1/3/2018,5,3,1,1
TQWL,1,3A,1/3/2018,5,3,1,0
TQWL,23,3A,1/3/2018,5,3,1,1
TQWL,21,SL,1/3/2018,5,3,1,0
TQWL,90,SL,1/3/2018,5,3,1,1
TQWL,4,3A,1/3/2018,5,3,1,0
TQWL,98,SL,28-02-2018,4,2,28,0
TQWL,1,3A,2/3/2018,6,3,2,0
TQWL,48,SL,1/3/2018,5,3,1,0
TQWL,5,3A,2/3/2018,6,3,2,0
TQWL,80,SL,2/3/2018,6,3,2,0
TQWL,101,SL,2/3/2018,6,3,2,0
TQWL,6,SL,3/3/2018,7,3,3,0
TQWL,81,SL,2/3/2018,6,3,2,0
TQWL,38,SL,2/3/2018,6,3,2,0
TQWL,34,SL,3/3/2018,7,3,3,0
TQWL,107,SL,2/3/2018,6,3,2,0
TQWL,60,SL,2/3/2018,6,3,2,0
TQWL,6,SL,2/3/2018,6,3,2,1
TQWL,19,3A,2/3/2018,6,3,2,0
TQWL,10,3A,3/3/2018,7,3,3,0
TQWL,12,3A,3/3/2018,7,3,3,0
TQWL,91,SL,3/3/2018,7,3,3,0
TQWL,25,SL,3/3/2018,7,3,3,1
TQWL,45,SL,4/3/2018,1,3,4,0
TQWL,66,SL,4/3/2018,1,3,4,0
TQWL,18,SL,4/3/2018,1,3,4,0
TQWL,8,SL,6/3/2018,3,3,6,1
TQWL,1,3A,6/3/2018,3,3,6,0
TQWL,12,3A,7/3/2018,4,3,7,0
TQWL,19,SL,7/3/2018,4,3,7,0
TQWL,2,2A,7/3/2018,4,3,7,0
TQWL,12,3A,8/3/2018,5,3,8,0
TQWL,7,3A,8/3/2018,5,3,8,1
TQWL,54,SL,8/3/2018,5,3,8,0
TQWL,1,SL,8/3/2018,5,3,8,1
TQWL,25,SL,8/3/2018,5,3,8,0
TQWL,1,SL,8/3/2018,5,3,8,1
TQWL,12,3A,9/3/2018,6,3,9,1
TQWL,78,SL,8/3/2018,5,3,8,0
TQWL,51,SL,9/3/2018,6,3,9,0
TQWL,68,SL,9/3/2018,6,3,9,0
TQWL,97,SL,9/3/2018,6,3,9,0
TQWL,76,SL,9/3/2018,6,3,9,0
TQWL,30,SL,9/3/2018,6,3,9,0
TQWL,112,SL,9/3/2018,6,3,9,0
TQWL,11,SL,10/3/2018,7,3,10,1
TQWL,3,3A,10/3/2018,7,3,10,0
TQWL,22,SL,9/3/2018,6,3,9,0
TQWL,13,3A,8/3/2018,5,3,8,1
TQWL,33,SL,9/3/2018,6,3,9,0
TQWL,28,SL,9/3/2018,6,3,9,0
TQWL,37,SL,9/3/2018,6,3,9,0
TQWL,6,3A,11/3/2018,1,3,11,0
TQWL,7,SL,12/3/2018,2,3,12,0
TQWL,18,SL,11/3/2018,1,3,11,1
TQWL,3,3A,11/3/2018,1,3,11,1
TQWL,11,3A,12/3/2018,2,3,12,0
TQWL,25,SL,12/3/2018,2,3,12,0
TQWL,4,SL,13-03-2018,3,3,13,1
TQWL,1,3A,14-03-2018,4,3,14,1
TQWL,17,SL,14-03-2018,4,3,14,0
TQWL,11,SL,15-03-2018,5,3,15,0
TQWL,46,SL,14-03-2018,4,3,14,0
TQWL,29,SL,14-03-2018,4,3,14,0
TQWL,34,SL,15-03-2018,5,3,15,0
TQWL,10,SL,15-03-2018,5,3,15,0
TQWL,23,SL,14-03-2018,4,3,14,0
TQWL,2,2A,15-03-2018,5,3,15,1
TQWL,1,2A,15-03-2018,5,3,15,0
TQWL,12,3A,16-03-2018,6,3,16,0
TQWL,1,3A,17-03-2018,7,3,17,1
TQWL,1,2A,16-03-2018,6,3,16,1
TQWL,4,SL,16-03-2018,6,3,16,1
TQWL,17,SL,15-03-2018,5,3,15,1
TQWL,13,3A,16-03-2018,6,3,16,0
TQWL,8,SL,16-03-2018,6,3,16,0
TQWL,86,SL,16-03-2018,6,3,16,0
TQWL,50,SL,17-03-2018,7,3,17,0
TQWL,52,SL,17-03-2018,7,3,17,0
TQWL,1,SL,17-03-2018,7,3,17,1
TQWL,2,SL,17-03-2018,7,3,17,1
TQWL,53,SL,17-03-2018,7,3,17,0
TQWL,10,3A,4/4/2018,4,4,4,1
TQWL,17,SL,4/4/2018,4,4,4,0
TQWL,1,SL,4/4/2018,4,4,4,1
TQWL,4,SL,5/4/2018,5,4,5,0
TQWL,64,SL,4/4/2018,4,4,4,0
TQWL,20,SL,5/4/2018,5,4,5,0
TQWL,29,SL,5/4/2018,5,4,5,0
TQWL,3,SL,6/4/2018,6,4,6,0
TQWL,7,SL,4/4/2018,4,4,4,0
TQWL,26,3A,5/4/2018,5,4,5,0
TQWL,6,SL,6/4/2018,6,4,6,0
TQWL,7,3A,5/4/2018,5,4,5,1
TQWL,4,2A,5/4/2018,5,4,5,0
TQWL,72,SL,6/4/2018,6,4,6,0
TQWL,79,SL,6/4/2018,6,4,6,0
TQWL,122,SL,6/4/2018,6,4,6,0
TQWL,95,SL,5/4/2018,5,4,5,0
TQWL,102,SL,6/4/2018,6,4,6,0
TQWL,7,SL,6/4/2018,6,4,6,1
TQWL,9,SL,6/4/2018,6,4,6,0
TQWL,5,SL,7/4/2018,7,4,7,0
TQWL,6,SL,7/4/2018,7,4,7,0
TQWL,6,SL,8/4/2018,1,4,8,1
TQWL,94,SL,7/4/2018,7,4,7,0
TQWL,5,SL,8/4/2018,1,4,8,0
TQWL,10,3A,7/4/2018,7,4,7,0
TQWL,31,3A,7/4/2018,7,4,7,0
TQWL,84,SL,6/4/2018,6,4,6,0
TQWL,45,SL,6/4/2018,6,4,6,0
TQWL,71,SL,7/4/2018,7,4,7,0
TQWL,6,SL,7/4/2018,7,4,7,0
TQWL,1,2A,7/4/2018,7,4,7,0
TQWL,83,SL,9/4/2018,2,4,9,0
TQWL,8,3A,8/4/2018,1,4,8,1
TQWL,22,3A,8/4/2018,1,4,8,0
TQWL,38,SL,8/4/2018,1,4,8,0
TQWL,20,3A,9/4/2018,2,4,9,0
TQWL,9,3A,9/4/2018,2,4,9,0
TQWL,108,SL,8/4/2018,1,4,8,1
TQWL,82,SL,9/4/2018,2,4,9,1
TQWL,3,3A,9/4/2018,2,4,9,1
TQWL,66,SL,9/4/2018,2,4,9,0
TQWL,58,SL,10/4/2018,3,4,10,0
TQWL,43,SL,10/4/2018,3,4,10,0
TQWL,5,SL,12/4/2018,5,4,12,0
TQWL,8,SL,12/4/2018,5,4,12,0
TQWL,20,3A,12/4/2018,5,4,12,0
TQWL,1,3A,13-04-2018,6,4,13,0
TQWL,6,3A,12/4/2018,5,4,12,0
TQWL,5,SL,12/4/2018,5,4,12,0
TQWL,7,SL,12/4/2018,5,4,12,0
TQWL,46,SL,12/4/2018,5,4,12,0
TQWL,12,SL,12/4/2018,5,4,12,0
TQWL,14,SL,12/4/2018,5,4,12,0
TQWL,21,3A,12/4/2018,5,4,12,0
TQWL,94,SL,13-04-2018,6,4,13,0
TQWL,13,3A,13-04-2018,6,4,13,0
TQWL,11,3A,13-04-2018,6,4,13,0
TQWL,19,3A,13-04-2018,6,4,13,0
TQWL,21,3A,13-04-2018,6,4,13,0
TQWL,97,SL,13-04-2018,6,4,13,0
TQWL,2,3A,13-04-2018,6,4,13,0
TQWL,49,SL,13-04-2018,6,4,13,0
TQWL,102,SL,13-04-2018,6,4,13,0
TQWL,93,SL,13-04-2018,6,4,13,0
TQWL,1,2A,14-04-2018,7,4,14,0
TQWL,83,SL,13-04-2018,6,4,13,0
TQWL,29,SL,13-04-2018,6,4,13,0
TQWL,55,SL,14-04-2018,7,4,14,0
TQWL,80,SL,14-04-2018,7,4,14,0
TQWL,88,SL,14-04-2018,7,4,14,0
TQWL,116,SL,13-04-2018,6,4,13,0
TQWL,87,SL,14-04-2018,7,4,14,0
TQWL,11,2A,13-04-2018,6,4,13,1
TQWL,123,SL,13-04-2018,6,4,13,0
TQWL,90,SL,13-04-2018,6,4,13,0
TQWL,7,SL,14-04-2018,7,4,14,0
TQWL,100,SL,13-04-2018,6,4,13,0
TQWL,3,SL,15-04-2018,1,4,15,0
TQWL,18,SL,14-04-2018,7,4,14,0
TQWL,27,SL,14-04-2018,7,4,14,0
TQWL,70,SL,14-04-2018,7,4,14,0
TQWL,31,3A,15-04-2018,1,4,15,0
TQWL,1,SL,16-04-2018,2,4,16,1
TQWL,32,SL,15-04-2018,1,4,15,0
TQWL,1,SL,16-04-2018,2,4,16,0
TQWL,101,SL,14-04-2018,7,4,14,1
TQWL,2,SL,16-04-2018,2,4,16,0
TQWL,45,SL,15-04-2018,1,4,15,0
TQWL,24,SL,16-04-2018,2,4,16,0
TQWL,28,3A,15-04-2018,1,4,15,0
TQWL,15,SL,16-04-2018,2,4,16,0
TQWL,9,SL,16-04-2018,2,4,16,0
TQWL,102,SL,15-04-2018,1,4,15,0
TQWL,77,SL,16-04-2018,2,4,16,0
TQWL,12,3A,16-04-2018,2,4,16,0
TQWL,36,SL,17-04-2018,3,4,17,0
TQWL,30,SL,17-04-2018,3,4,17,0
TQWL,4,SL,18-04-2018,4,4,18,1
TQWL,28,3A,17-04-2018,3,4,17,0
TQWL,21,3A,17-04-2018,3,4,17,0
TQWL,84,SL,17-04-2018,3,4,17,0
TQWL,9,SL,19-04-2018,5,4,19,0
TQWL,66,SL,18-04-2018,4,4,18,0
TQWL,63,SL,18-04-2018,4,4,18,0
TQWL,34,SL,18-04-2018,4,4,18,0
TQWL,11,3A,18-04-2018,4,4,18,0
TQWL,3,SL,19-04-2018,5,4,19,0
TQWL,20,3A,18-04-2018,4,4,18,0
TQWL,94,SL,18-04-2018,4,4,18,0
TQWL,5,2A,18-04-2018,4,4,18,0
TQWL,2,SL,19-04-2018,5,4,19,0
TQWL,68,SL,18-04-2018,4,4,18,1
TQWL,111,SL,18-04-2018,4,4,18,0
TQWL,78,SL,19-04-2018,5,4,19,0
TQWL,90,SL,19-04-2018,5,4,19,0
TQWL,4,3A,2/6/2018,7,6,2,1
TQWL,5,3A,3/6/2018,1,6,3,0
TQWL,41,SL,1/6/2018,6,6,1,0
TQWL,10,SL,2/6/2018,7,6,2,0
TQWL,2,3A,2/6/2018,7,6,2,1
TQWL,20,3A,3/6/2018,1,6,3,0
TQWL,1,SL,3/6/2018,1,6,3,0
TQWL,8,SL,3/6/2018,1,6,3,1
TQWL,3,2A,3/6/2018,1,6,3,0
TQWL,13,3A,3/6/2018,1,6,3,0
TQWL,38,SL,3/6/2018,1,6,3,0
TQWL,24,SL,4/6/2018,2,6,4,0
TQWL,19,SL,4/6/2018,2,6,4,0
TQWL,8,3A,5/6/2018,3,6,5,0
TQWL,20,SL,5/6/2018,3,6,5,0
TQWL,10,3A,4/6/2018,2,6,4,0
TQWL,46,SL,5/6/2018,3,6,5,1
TQWL,48,SL,5/6/2018,3,6,5,0
TQWL,29,SL,5/6/2018,3,6,5,0
TQWL,23,SL,4/6/2018,2,6,4,0
TQWL,24,3A,5/6/2018,3,6,5,0
TQWL,22,3A,5/6/2018,3,6,5,0
TQWL,18,SL,5/6/2018,3,6,5,0
TQWL,1,3A,7/6/2018,5,6,7,1
TQWL,23,SL,5/6/2018,3,6,5,0
TQWL,54,SL,6/6/2018,4,6,6,0
TQWL,2,SL,7/6/2018,5,6,7,1
TQWL,11,3A,7/6/2018,5,6,7,0
TQWL,4,2A,7/6/2018,5,6,7,0
TQWL,47,SL,7/6/2018,5,6,7,0
TQWL,2,SL,8/6/2018,6,6,8,0
TQWL,21,SL,7/6/2018,5,6,7,0
TQWL,52,SL,7/6/2018,5,6,7,0
TQWL,40,SL,7/6/2018,5,6,7,0
TQWL,61,SL,7/6/2018,5,6,7,0
TQWL,35,SL,8/6/2018,6,6,8,0
TQWL,2,3A,9/6/2018,7,6,9,0
TQWL,2,3A,9/6/2018,7,6,9,0
TQWL,8,SL,8/6/2018,6,6,8,1
TQWL,33,SL,8/6/2018,6,6,8,0
TQWL,7,SL,9/6/2018,7,6,9,0
TQWL,87,SL,9/6/2018,7,6,9,0
TQWL,104,SL,8/6/2018,6,6,8,1
TQWL,1,2A,9/6/2018,7,6,9,0
TQWL,94,SL,9/6/2018,7,6,9,0
TQWL,62,SL,9/6/2018,7,6,9,1
TQWL,116,SL,9/6/2018,7,6,9,0
TQWL,53,SL,9/6/2018,7,6,9,0
TQWL,8,SL,9/6/2018,7,6,9,1
TQWL,9,3A,10/6/2018,1,6,10,0
TQWL,2,2A,10/6/2018,1,6,10,0
TQWL,120,SL,10/6/2018,1,6,10,0
TQWL,86,SL,10/6/2018,1,6,10,0
TQWL,25,3A,9/6/2018,7,6,9,0
TQWL,118,SL,9/6/2018,7,6,9,0
TQWL,6,SL,10/6/2018,1,6,10,0
TQWL,2,3A,10/6/2018,1,6,10,0
TQWL,9,SL,11/6/2018,2,6,11,0
TQWL,41,3A,10/6/2018,1,6,10,0
TQWL,59,SL,11/6/2018,2,6,11,0
TQWL,7,SL,12/6/2018,3,6,12,0
TQWL,86,SL,11/6/2018,2,6,11,1
TQWL,23,3A,11/6/2018,2,6,11,0
TQWL,2,3A,12/6/2018,3,6,12,0
TQWL,8,SL,11/6/2018,2,6,11,0
TQWL,1,2A,11/6/2018,2,6,11,0
TQWL,14,SL,11/6/2018,2,6,11,0
TQWL,6,SL,12/6/2018,3,6,12,0
TQWL,12,SL,12/6/2018,3,6,12,0
TQWL,1,3A,13-06-2018,4,6,13,0
TQWL,3,SL,13-06-2018,4,6,13,1
TQWL,12,SL,13-06-2018,4,6,13,0
TQWL,105,SL,11/6/2018,2,6,11,1
TQWL,45,SL,11/6/2018,2,6,11,1
TQWL,51,3A,12/6/2018,3,6,12,0
TQWL,39,SL,12/6/2018,3,6,12,0
TQWL,45,3A,12/6/2018,3,6,12,0
TQWL,18,SL,13-06-2018,4,6,13,0
TQWL,8,2A,13-06-2018,4,6,13,0
TQWL,65,SL,13-06-2018,4,6,13,0
TQWL,7,SL,14-06-2018,5,6,14,0
TQWL,43,SL,14-06-2018,5,6,14,0
TQWL,8,SL,15-06-2018,6,6,15,0
TQWL,1,SL,15-06-2018,6,6,15,0
TQWL,1,3A,15-06-2018,6,6,15,1
TQWL,9,SL,14-06-2018,5,6,14,0
TQWL,90,SL,14-06-2018,5,6,14,1
TQWL,23,3A,14-06-2018,5,6,14,0
TQWL,1,SL,14-06-2018,5,6,14,0
TQWL,114,SL,14-06-2018,5,6,14,0
TQWL,13,SL,14-06-2018,5,6,14,0
TQWL,1,2A,14-06-2018,5,6,14,0
TQWL,3,2A,15-06-2018,6,6,15,0
TQWL,83,SL,16-06-2018,7,6,16,0
TQWL,54,SL,16-06-2018,7,6,16,0
TQWL,41,SL,5/7/2018,5,7,5,0
TQWL,22,SL,5/7/2018,5,7,5,0
TQWL,16,SL,4/7/2018,4,7,4,0
TQWL,10,SL,6/7/2018,6,7,6,0
TQWL,2,3A,5/7/2018,5,7,5,1
TQWL,67,SL,6/7/2018,6,7,6,0
TQWL,82,SL,6/7/2018,6,7,6,0
TQWL,103,SL,6/7/2018,6,7,6,0
TQWL,1,3A,5/7/2018,5,7,5,1
TQWL,36,SL,6/7/2018,6,7,6,0
TQWL,44,SL,6/7/2018,6,7,6,0
TQWL,42,SL,7/7/2018,7,7,7,1
TQWL,1,3A,7/7/2018,7,7,7,0
TQWL,2,SL,9/7/2018,2,7,9,0
TQWL,29,SL,9/7/2018,2,7,9,0
TQWL,3,3A,11/7/2018,4,7,11,0
TQWL,60,SL,11/7/2018,4,7,11,0
TQWL,21,SL,12/7/2018,5,7,12,0
TQWL,71,SL,13-07-2018,6,7,13,0
TQWL,89,SL,13-07-2018,6,7,13,0
TQWL,77,SL,13-07-2018,6,7,13,0
TQWL,1,SL,14-07-2018,7,7,14,1
TQWL,48,SL,13-07-2018,6,7,13,0
TQWL,17,3A,13-07-2018,6,7,13,0
TQWL,5,SL,13-07-2018,6,7,13,1
TQWL,3,SL,14-07-2018,7,7,14,1
TQWL,1,SL,15-07-2018,1,7,15,0
TQWL,44,SL,13-07-2018,6,7,13,0
TQWL,5,SL,15-07-2018,1,7,15,0
TQWL,47,SL,15-07-2018,1,7,15,0
TQWL,10,3A,15-07-2018,1,7,15,0
TQWL,1,SL,15-07-2018,1,7,15,1
TQWL,38,SL,16-07-2018,2,7,16,0
TQWL,1,SL,17-07-2018,3,7,17,1
TQWL,27,SL,17-07-2018,3,7,17,0
TQWL,1,SL,18-07-2018,4,7,18,1
TQWL,1,3A,19-07-2018,5,7,19,1
TQWL,1,SL,20-07-2018,6,7,20,0
TQWL,25,SL,19-07-2018,5,7,19,0
TQWL,53,SL,20-07-2018,6,7,20,0
TQWL,58,SL,20-07-2018,6,7,20,0
TQWL,52,SL,20-07-2018,6,7,20,0
TQWL,19,SL,20-07-2018,6,7,20,0
